episode_id,object_type,episode_dir,task,num_actions,duration_s,source,shoulder_pan_major_rev,shoulder_pan_range,shoulder_pan_rev_per_step,shoulder_pan_mean_speed,shoulder_pan_peak_speed,shoulder_pan_fast_rev,shoulder_lift_major_rev,shoulder_lift_range,shoulder_lift_rev_per_step,shoulder_lift_mean_speed,shoulder_lift_peak_speed,shoulder_lift_fast_rev,elbow_flex_major_rev,elbow_flex_range,elbow_flex_rev_per_step,elbow_flex_mean_speed,elbow_flex_peak_speed,elbow_flex_fast_rev,wrist_flex_major_rev,wrist_flex_range,wrist_flex_rev_per_step,wrist_flex_mean_speed,wrist_flex_peak_speed,wrist_flex_fast_rev,total_major_rev,max_range,max_rev_per_step,oscillating_joints,n_oscillating_joints,oscillation_class,max_mean_speed,max_peak_speed,max_fast_rev,high_velocity,high_peak,review_flag,review_reason
banana__001_banana,banana,001_banana,put the banana on the tray,594,19.815,commanded,5,80.8,0.0084,0.56,14.66,11,8,150.8,0.0135,1.153,29.5,17,11,148.0,0.0185,1.054,27.3,17,6,55.1,0.0101,0.581,17.66,11,30,150.8,0.0185,,0,normal,1.153,29.5,17,False,False,False,
banana__005_banana,banana,005_banana,put the banana on the tray,417,14.799,commanded,3,48.2,0.0072,0.409,8.38,3,7,131.0,0.0168,1.18,18.99,11,7,134.9,0.0168,1.134,22.56,11,5,44.0,0.012,0.641,9.69,5,22,134.9,0.0168,,0,normal,1.18,22.56,11,False,False,False,
banana__009_banana,banana,009_banana,put the banana on the tray,491,17.694,commanded,4,86.4,0.0082,0.437,9.71,2,6,142.5,0.0122,0.979,15.14,13,5,130.4,0.0102,0.851,12.17,9,6,54.8,0.0122,0.571,6.21,2,21,142.5,0.0122,,0,normal,0.979,15.14,13,False,False,False,
banana__025_banana,banana,025_banana,put the banana in the box,541,18.629,commanded,2,49.2,0.0037,0.444,27.44,5,7,154.6,0.013,1.537,55.25,14,10,153.7,0.0185,1.401,53.56,17,5,40.6,0.0093,0.712,20.25,11,24,154.6,0.0185,,0,normal,1.537,55.25,17,False,False,False,
banana__026_banana,banana,026_banana,put the banana in the box,117,6.154,commanded,0,0.8,0.0,0.122,0.5,0,0,1.4,0.0,0.35,1.23,0,0,1.7,0.0,0.329,1.14,0,0,1.7,0.0,0.101,0.67,0,0,1.7,0.0,,0,zero_movement,0.35,1.23,0,False,False,False,
banana__027_banana,banana,027_banana,put the banana in the box,109,5.351,commanded,0,0.7,0.0,0.104,0.5,0,0,2.1,0.0,0.269,1.31,0,0,1.4,0.0,0.269,0.91,0,0,1.1,0.0,0.099,0.58,0,0,2.1,0.0,,0,zero_movement,0.269,1.31,0,False,False,False,
banana__028_banana,banana,028_banana,put the banana in the box,110,5.415,commanded,0,0.8,0.0,0.098,0.44,0,0,1.5,0.0,0.364,1.02,0,0,1.4,0.0,0.293,1.07,0,0,1.3,0.0,0.111,0.98,0,0,1.5,0.0,,0,zero_movement,0.364,1.07,0,False,False,False,
banana__031_banana,banana,031_banana,put the banana on the tray,145,5.519,commanded,0,1.2,0.0,0.146,0.49,0,0,2.2,0.0,0.365,1.48,0,0,1.9,0.0,0.396,1.28,0,0,2.0,0.0,0.143,0.57,0,0,2.2,0.0,,0,zero_movement,0.396,1.48,0,False,False,False,
banana__032_banana,banana,032_banana,put the banana on the tray,147,5.585,commanded,0,1.4,0.0,0.119,0.44,0,0,1.7,0.0,0.312,1.07,0,0,2.2,0.0,0.325,1.31,0,0,1.0,0.0,0.128,0.49,0,0,2.2,0.0,,0,zero_movement,0.325,1.31,0,False,False,False,
banana__033_banana,banana,033_banana,put the banana on the tray,167,8.128,commanded,0,0.8,0.0,0.11,0.38,0,0,1.7,0.0,0.29,1.36,0,0,1.9,0.0,0.28,1.01,0,0,1.5,0.0,0.096,0.4,0,0,1.9,0.0,,0,zero_movement,0.29,1.36,0,False,False,False,
banana__035_banana,banana,035_banana,put the banana on the tray,749,28.67,commanded,1,16.1,0.0013,0.171,3.89,4,8,168.1,0.0107,0.858,52.94,18,9,158.5,0.012,0.814,42.3,15,1,37.6,0.0013,0.363,11.68,13,19,168.1,0.012,,0,normal,0.858,52.94,18,False,False,False,
banana__036_banana,banana,036_banana,put the banana on the tray,634,23.987,commanded,1,17.1,0.0016,0.26,7.07,12,8,166.6,0.0126,0.832,17.57,16,9,156.3,0.0142,0.788,26.14,14,3,42.3,0.0047,0.418,10.84,11,21,166.6,0.0142,,0,normal,0.832,26.14,16,False,False,False,
banana__039_banana,banana,039_banana,put the banana on the tray,474,17.09,commanded,2,52.4,0.0042,0.351,5.83,3,6,150.4,0.0127,1.067,17.19,11,11,156.0,0.0233,1.054,21.15,8,6,45.1,0.0127,0.586,11.54,8,25,156.0,0.0233,elbow_flex,1,oscillation,1.067,21.15,11,False,False,False,
banana__041_banana,banana,041_banana,put the banana on the tray,542,19.606,commanded,3,47.1,0.0055,0.355,12.9,4,6,155.3,0.0111,0.961,21.24,12,10,151.9,0.0185,0.982,17.11,13,5,46.8,0.0092,0.541,13.43,7,24,155.3,0.0185,,0,normal,0.982,21.24,13,False,False,False,
banana__048_banana,banana,048_banana,put the banana on the tray,178,5.621,commanded,0,7.1,0.0,0.261,5.32,3,2,87.0,0.0113,1.526,85.34,3,0,81.1,0.0,1.417,80.24,4,0,14.7,0.0,0.4,14.58,5,2,87.0,0.0113,,0,normal,1.526,85.34,5,False,False,False,
banana__049_banana,banana,049_banana,put the banana on the tray,142,4.917,commanded,0,3.2,0.0,0.143,1.45,0,0,2.2,0.0,0.242,1.29,0,0,2.9,0.0,0.306,1.53,0,0,6.7,0.0,0.206,4.9,0,0,6.7,0.0,,0,zero_movement,0.306,4.9,0,False,False,False,
banana__050_banana,banana,050_banana,put the banana on the tray,545,19.73,commanded,3,49.6,0.0055,0.455,32.11,8,7,154.6,0.0129,1.2,56.59,11,10,162.6,0.0184,1.347,49.74,16,6,42.8,0.011,0.735,31.06,7,26,162.6,0.0184,,0,normal,1.347,56.59,16,False,False,False,
banana__052_banana,banana,052_banana,put the banana on the tray,471,16.694,commanded,4,47.1,0.0085,0.473,14.09,5,6,154.2,0.0128,1.463,42.97,14,9,152.3,0.0191,1.45,47.23,18,7,43.7,0.0149,0.718,20.98,6,26,154.2,0.0191,,0,normal,1.463,47.23,18,False,False,False,
banana__062_banana,banana,062_banana,put the banana on the tray,485,16.219,commanded,2,49.8,0.0041,0.481,17.66,5,7,129.9,0.0145,1.208,34.9,13,10,131.6,0.0207,1.099,49.31,10,6,42.0,0.0124,0.579,27.28,6,25,131.6,0.0207,elbow_flex,1,oscillation,1.208,49.31,13,False,False,False,
banana__068_banana,banana,068_banana,put the banana on the tray,418,13.749,commanded,2,43.3,0.0048,0.402,13.67,4,5,122.8,0.012,1.25,26.04,11,8,118.7,0.0192,1.167,28.99,11,4,38.6,0.0096,0.642,9.38,8,19,122.8,0.0192,,0,normal,1.25,28.99,11,False,False,False,
banana__072_banana,banana,072_banana,put the banana on the tray,527,18.663,commanded,3,56.6,0.0057,0.356,7.37,2,6,129.9,0.0114,0.953,12.88,14,7,128.6,0.0133,0.827,12.32,6,5,45.9,0.0095,0.486,11.79,5,21,129.9,0.0133,,0,normal,0.953,12.88,14,False,False,False,
banana__085_banana,banana,085_banana,put the banana on the tray,1372,48.598,commanded,1,20.0,0.0007,0.262,9.92,20,14,167.5,0.0102,1.002,83.82,41,15,161.1,0.0109,0.999,88.43,31,5,38.7,0.0036,0.542,27.18,17,35,167.5,0.0109,,0,normal,1.002,88.43,41,False,False,False,
banana__086_banana,banana,086_banana,put the banana on the tray,456,16.441,commanded,0,15.6,0.0,0.285,6.07,9,10,163.3,0.022,2.038,90.69,10,10,157.1,0.022,1.896,74.11,13,3,41.1,0.0066,0.57,24.96,12,23,163.3,0.022,shoulder_lift;elbow_flex,2,oscillation,2.038,90.69,13,False,False,False,
banana__087_banana,banana,087_banana,put the banana on the tray,400,13.99,commanded,0,14.0,0.0,0.234,4.86,5,3,165.6,0.0075,1.507,59.93,9,4,153.8,0.01,1.318,52.54,10,3,39.5,0.0075,0.471,9.5,8,10,165.6,0.01,,0,normal,1.507,59.93,10,False,False,False,
banana__088_banana,banana,088_banana,put the banana on the tray,128,4.43,commanded,0,5.4,0.0,0.219,2.95,1,0,2.3,0.0,0.282,1.08,0,0,5.7,0.0,0.296,2.74,0,0,7.5,0.0,0.232,3.93,2,0,7.5,0.0,,0,zero_movement,0.296,3.93,2,False,False,False,
banana__091_banana,banana,091_banana,put the banana on the tray,397,13.449,commanded,1,18.5,0.0025,0.29,7.5,7,9,168.7,0.0227,1.441,45.16,13,6,165.5,0.0152,1.403,44.68,12,4,49.9,0.0101,0.506,10.88,9,20,168.7,0.0227,shoulder_lift,1,oscillation,1.441,45.16,13,False,False,False,
banana__096_banana,banana,096_banana,put the banana on the tray,576,21.177,commanded,2,56.3,0.0035,0.535,22.95,9,10,158.0,0.0174,1.238,33.26,19,12,168.2,0.0209,1.214,37.83,19,3,43.9,0.0052,0.581,15.85,13,27,168.2,0.0209,elbow_flex,1,oscillation,1.238,37.83,19,False,False,False,
banana__102_banana,banana,102_banana,put the banana on the tray,833,31.121,commanded,0,15.0,0.0,0.204,4.29,8,8,164.5,0.0096,1.025,62.85,19,14,156.7,0.0168,1.1,38.91,23,3,49.9,0.0036,0.554,15.68,16,25,164.5,0.0168,,0,normal,1.1,62.85,23,False,False,False,
banana__103_banana,banana,103_banana,put the banana on the tray,968,35.598,commanded,0,10.8,0.0,0.19,6.28,8,4,165.6,0.0041,0.767,48.3,17,9,156.0,0.0093,0.902,35.17,27,3,45.8,0.0031,0.342,15.58,15,16,165.6,0.0093,,0,normal,0.902,48.3,27,False,False,False,
banana__105_banana,banana,105_banana,put the banana on the tray,426,16.531,commanded,3,45.5,0.0071,0.495,14.94,9,7,145.1,0.0165,1.374,31.33,11,7,131.5,0.0165,1.213,41.59,11,5,45.6,0.0118,0.596,17.91,6,22,145.1,0.0165,,0,normal,1.374,41.59,11,False,False,False,
banana__110_banana,banana,110_banana,put the banana on the tray,738,26.422,commanded,4,58.3,0.0054,0.555,38.47,15,18,160.1,0.0244,2.434,125.95,23,17,152.2,0.0231,2.231,104.15,20,8,59.1,0.0109,0.81,34.41,18,47,160.1,0.0244,shoulder_lift;elbow_flex,2,oscillation,2.434,125.95,23,True,True,True,high_mean_and_peak
banana__111_banana,banana,111_banana,put the banana on the tray,584,21.401,commanded,5,79.1,0.0086,0.725,45.51,10,12,144.1,0.0206,1.8,96.95,19,10,142.3,0.0172,1.48,73.21,15,12,50.7,0.0206,0.922,31.08,15,39,144.1,0.0206,shoulder_lift;wrist_flex,2,oscillation,1.8,96.95,19,False,False,False,
banana__113_banana,banana,113_banana,put the banana on the tray,575,20.602,commanded,2,49.0,0.0035,0.324,13.61,7,7,158.4,0.0122,1.079,34.88,13,11,169.3,0.0192,1.04,38.55,12,4,36.4,0.007,0.493,13.35,6,24,169.3,0.0192,,0,normal,1.079,38.55,13,False,False,False,
banana__121_banana,banana,121_banana,put the banana on the tray,601,22.651,commanded,4,83.2,0.0067,0.527,25.24,6,8,143.8,0.0133,1.01,28.32,15,8,150.2,0.0133,0.975,20.02,12,6,54.6,0.01,0.596,24.67,12,26,150.2,0.0133,,0,normal,1.01,28.32,15,False,False,False,
banana__123_banana,banana,123_banana,put the banana on the tray,484,16.489,commanded,4,51.7,0.0083,0.397,12.18,5,9,149.5,0.0186,1.111,36.2,10,10,158.6,0.0207,1.164,53.23,12,4,45.6,0.0083,0.527,22.55,5,27,158.6,0.0207,elbow_flex,1,oscillation,1.164,53.23,12,False,False,False,
banana__125_banana,banana,125_banana,put the banana on the tray,830,30.837,commanded,2,49.7,0.0024,0.255,6.0,4,4,168.4,0.0048,0.583,19.4,8,4,162.3,0.0048,0.632,10.32,7,5,58.7,0.006,0.476,9.04,3,15,168.4,0.006,,0,normal,0.632,19.4,8,False,False,False,
banana__126_banana,banana,126_banana,put the banana on the tray,1013,35.283,commanded,2,45.2,0.002,0.256,5.4,0,5,172.3,0.0049,0.843,28.88,11,8,158.5,0.0079,0.671,22.16,24,4,52.0,0.004,0.461,9.58,13,19,172.3,0.0079,,0,normal,0.843,28.88,24,False,False,False,
banana__159_banana,banana,159_banana,put the banana on the tray,451,14.831,commanded,2,43.8,0.0044,0.362,6.49,4,6,134.9,0.0133,1.04,13.78,9,9,137.6,0.02,0.934,11.85,10,4,44.3,0.0089,0.446,9.17,6,21,137.6,0.02,elbow_flex,1,oscillation,1.04,13.78,10,False,False,False,
banana__161_banana,banana,161_banana,put the banana on the tray,103,5.152,commanded,0,0.7,0.0,0.144,0.57,0,0,1.2,0.0,0.283,0.89,0,0,1.5,0.0,0.268,0.95,0,0,2.7,0.0,0.117,0.83,0,0,2.7,0.0,,0,zero_movement,0.283,0.95,0,False,False,False,
banana__163_banana,banana,163_banana,put the banana on the tray,108,4.984,commanded,0,1.8,0.0,0.133,0.55,0,0,2.0,0.0,0.34,1.1,0,0,2.2,0.0,0.419,1.28,0,0,1.7,0.0,0.137,0.42,0,0,2.2,0.0,,0,zero_movement,0.419,1.28,0,False,False,False,
banana__167_banana,banana,167_banana,put the banana on the tray,326,11.315,commanded,1,30.9,0.0031,0.564,13.98,10,0,20.0,0.0,0.511,12.15,4,0,15.0,0.0,0.423,6.45,0,2,22.0,0.0062,0.376,13.87,5,3,30.9,0.0062,,0,normal,0.564,13.98,10,False,False,False,
banana__168_banana,banana,168_banana,put the banana on the tray,362,12.914,commanded,10,37.7,0.0277,0.948,31.12,13,0,19.6,0.0,0.443,17.63,3,1,22.7,0.0028,0.556,21.91,7,0,17.7,0.0,0.357,10.79,9,11,37.7,0.0277,,0,normal,0.948,31.12,13,False,False,False,
banana__170_banana,banana,170_banana,put the banana on the tray,125,4.883,commanded,0,3.4,0.0,0.151,1.51,0,0,4.1,0.0,0.332,2.62,0,0,7.5,0.0,0.401,3.93,0,0,8.0,0.0,0.169,3.01,0,0,8.0,0.0,,0,zero_movement,0.401,3.93,0,False,False,False,
banana__171_banana,banana,171_banana,put the banana on the tray,167,5.418,commanded,0,2.3,0.0,0.139,1.43,0,0,8.1,0.0,0.432,7.11,0,0,8.4,0.0,0.462,6.25,0,0,9.8,0.0,0.277,4.96,2,0,9.8,0.0,,0,zero_movement,0.462,7.11,2,False,False,False,
banana__172_banana,banana,172_banana,put the banana on the tray,554,18.841,commanded,3,49.2,0.0054,0.411,14.99,11,14,150.9,0.0253,2.76,148.64,18,17,147.0,0.0307,2.596,128.77,19,6,47.4,0.0108,0.711,25.86,13,40,150.9,0.0307,shoulder_lift;elbow_flex,2,oscillation,2.76,148.64,19,True,True,True,high_mean_and_peak
banana__184_banana,banana,184_banana,put the banana on the tray,639,24.405,commanded,4,87.0,0.0063,0.592,25.83,12,8,150.1,0.0125,1.062,29.82,17,10,140.7,0.0157,1.014,27.33,18,5,53.4,0.0078,0.673,22.08,14,27,150.1,0.0157,,0,normal,1.062,29.82,18,False,False,False,
banana__193_banana,banana,193_banana,put the banana on the tray,437,15.719,commanded,2,43.4,0.0046,0.377,9.48,4,6,132.2,0.0138,0.99,18.13,11,8,138.9,0.0183,1.039,24.01,10,2,41.3,0.0046,0.475,18.62,6,18,138.9,0.0183,,0,normal,1.039,24.01,11,False,False,False,
banana__194_banana,banana,194_banana,put the banana on the tray,159,7.095,commanded,0,2.9,0.0,0.149,1.06,0,0,1.7,0.0,0.391,1.38,0,0,2.1,0.0,0.357,1.46,0,0,1.2,0.0,0.119,0.6,0,0,2.9,0.0,,0,zero_movement,0.391,1.46,0,False,False,False,
box__012_box,box,012_box,put the box on the tray,520,17.529,commanded,2,49.8,0.0039,0.383,12.91,6,7,123.2,0.0135,0.896,11.73,8,5,98.6,0.0096,0.765,10.26,12,5,35.5,0.0096,0.469,14.38,5,19,123.2,0.0135,,0,normal,0.896,14.38,12,False,False,False,
box__017_box,box,017_box,put the box on the tray,580,21.388,commanded,4,84.8,0.0069,0.548,27.7,7,10,152.0,0.0173,1.042,31.66,13,8,155.8,0.0138,0.889,29.1,13,5,60.3,0.0086,0.503,21.4,9,27,155.8,0.0173,,0,normal,1.042,31.66,13,False,False,False,
box__021_box,box,021_box,put the box on the tray,736,27.631,commanded,2,44.7,0.0027,0.458,21.9,14,9,123.4,0.0122,1.259,59.19,21,11,124.1,0.015,1.181,69.01,20,7,39.2,0.0095,0.602,22.18,16,29,124.1,0.015,,0,normal,1.259,69.01,21,False,False,False,
box__081_box,box,081_box,put the box on the tray,500,17.994,commanded,2,46.6,0.004,0.347,4.47,3,7,148.8,0.014,0.914,9.93,14,10,155.6,0.02,1.011,20.86,13,7,44.6,0.014,0.508,8.02,6,26,155.6,0.02,elbow_flex,1,oscillation,1.011,20.86,14,False,False,False,
box__118_box,box,118_box,put the box on the tray,420,15.353,commanded,2,45.0,0.0048,0.338,5.45,2,7,133.6,0.0167,1.168,19.58,9,8,134.7,0.0191,0.986,15.66,10,2,38.3,0.0048,0.441,7.12,4,19,134.7,0.0191,,0,normal,1.168,19.58,10,False,False,False,
brown__013_brown,brown,013_brown,put the brown cylinder on the tray,642,22.01,commanded,4,50.2,0.0062,0.599,33.95,16,18,156.2,0.0281,2.041,92.91,20,22,156.2,0.0343,2.145,98.58,19,9,42.8,0.014,0.752,25.5,15,53,156.2,0.0343,shoulder_lift;elbow_flex,2,oscillation,2.145,98.58,20,False,False,False,
brown__014_brown,brown,014_brown,put the brown cylinder on the tray,108,3.914,commanded,0,1.3,0.0,0.102,0.66,0,0,2.1,0.0,0.26,1.17,0,0,2.2,0.0,0.272,1.32,0,0,0.9,0.0,0.097,0.35,0,0,2.2,0.0,,0,zero_movement,0.272,1.32,0,False,False,False,
brown__029_brown,brown,029_brown,put the brown object in the box,111,5.451,commanded,0,1.5,0.0,0.103,0.55,0,0,1.7,0.0,0.281,1.09,0,0,2.0,0.0,0.279,0.98,0,0,2.0,0.0,0.098,1.17,0,0,2.0,0.0,,0,zero_movement,0.281,1.17,0,False,False,False,
brown__030_brown,brown,030_brown,put the brown object in the box,191,8.127,commanded,0,1.4,0.0,0.132,0.48,0,0,1.8,0.0,0.346,1.43,0,0,2.5,0.0,0.337,1.83,0,0,1.8,0.0,0.112,0.43,0,0,2.5,0.0,,0,zero_movement,0.346,1.83,0,False,False,False,
brown__042_brown,brown,042_brown,put the brown pouch on the tray,148,6.461,commanded,0,1.6,0.0,0.141,0.55,0,0,2.3,0.0,0.355,1.05,0,0,2.3,0.0,0.388,1.58,0,0,1.4,0.0,0.119,0.82,0,0,2.3,0.0,,0,zero_movement,0.388,1.58,0,False,False,False,
brown__044_brown,brown,044_brown,put the brown pouch on the tray,168,5.251,commanded,0,2.0,0.0,0.133,0.65,0,0,2.2,0.0,0.349,1.34,0,0,2.9,0.0,0.367,1.43,0,0,1.2,0.0,0.103,0.7,0,0,2.9,0.0,,0,zero_movement,0.367,1.43,0,False,False,False,
brown__053_brown,brown,053_brown,put the brown pouch on the tray,105,5.118,commanded,0,1.1,0.0,0.123,0.63,0,0,1.8,0.0,0.321,1.2,0,0,1.3,0.0,0.291,0.99,0,0,1.3,0.0,0.102,0.78,0,0,1.8,0.0,,0,zero_movement,0.321,1.2,0,False,False,False,
brown__055_brown,brown,055_brown,put the brown pouch on the tray,105,5.12,commanded,0,1.9,0.0,0.138,1.23,0,0,1.7,0.0,0.257,0.93,0,0,1.7,0.0,0.303,0.97,0,0,1.2,0.0,0.085,0.31,0,0,1.9,0.0,,0,zero_movement,0.303,1.23,0,False,False,False,
brown__077_brown,brown,077_brown,put the brown pouch on the tray,740,26.625,commanded,3,58.9,0.0041,0.378,8.59,11,9,141.4,0.0122,0.93,25.59,18,8,134.0,0.0108,1.001,23.87,19,5,44.9,0.0068,0.557,17.38,12,25,141.4,0.0122,,0,normal,1.001,25.59,19,False,False,False,
brown__082_brown,brown,082_brown,put the brown pouch on the tray,435,15.119,commanded,0,10.8,0.0,0.238,7.56,1,3,163.7,0.0069,1.02,20.82,11,8,158.4,0.0184,1.008,34.58,10,3,48.3,0.0069,0.48,13.71,7,14,163.7,0.0184,,0,normal,1.02,34.58,11,False,False,False,
brown__083_brown,brown,083_brown,put the brown pouch on the tray,510,18.869,commanded,2,47.0,0.0039,0.334,9.86,6,8,142.9,0.0157,0.886,10.91,11,9,150.4,0.0177,0.859,15.15,9,4,41.6,0.0079,0.487,11.35,4,23,150.4,0.0177,,0,normal,0.886,15.15,11,False,False,False,
brown__089_brown,brown,089_brown,put the brown pouch on the tray,582,21.956,commanded,2,46.0,0.0034,0.318,15.91,2,10,125.4,0.0172,1.712,103.83,15,13,118.3,0.0224,1.492,70.02,15,5,44.3,0.0086,0.713,28.68,10,30,125.4,0.0224,elbow_flex,1,oscillation,1.712,103.83,15,False,True,False,
brown__090_brown,brown,090_brown,put the brown pouch on the tray,114,4.649,commanded,0,0.7,0.0,0.121,0.42,0,0,1.5,0.0,0.271,1.1,0,0,1.9,0.0,0.331,1.03,0,0,0.8,0.0,0.107,0.52,0,0,1.9,0.0,,0,zero_movement,0.331,1.1,0,False,False,False,
brown__160_brown,brown,160_brown,put the brown object on the tray,103,5.756,commanded,0,0.8,0.0,0.117,0.57,0,0,1.5,0.0,0.306,0.95,0,0,1.8,0.0,0.31,0.95,0,0,1.1,0.0,0.102,0.36,0,0,1.8,0.0,,0,zero_movement,0.31,0.95,0,False,False,False,
brown__173_brown,brown,173_brown,put the brown plush toy on the tray,103,5.151,commanded,0,1.3,0.0,0.118,0.53,0,0,2.0,0.0,0.357,1.0,0,0,2.2,0.0,0.371,1.56,0,0,2.4,0.0,0.122,0.58,0,0,2.4,0.0,,0,zero_movement,0.371,1.56,0,False,False,False,
brown__174_brown,brown,174_brown,put the brown cylindrical object on the tray,106,5.084,commanded,0,1.1,0.0,0.145,0.41,0,0,1.8,0.0,0.338,1.39,0,0,1.6,0.0,0.267,0.88,0,0,1.5,0.0,0.118,0.39,0,0,1.8,0.0,,0,zero_movement,0.338,1.39,0,False,False,False,
brown__175_brown,brown,175_brown,put the brown cylindrical object on the tray,184,7.57,commanded,0,1.1,0.0,0.143,0.42,0,0,2.1,0.0,0.412,1.66,0,0,2.4,0.0,0.354,1.52,0,0,1.4,0.0,0.132,0.6,0,0,2.4,0.0,,0,zero_movement,0.412,1.66,0,False,False,False,
chocolate__164_chocolate,chocolate,164_chocolate,put the chocolate bar on the tray,126,5.151,commanded,0,1.2,0.0,0.119,0.6,0,0,2.0,0.0,0.372,1.72,0,0,2.2,0.0,0.353,1.23,0,0,1.9,0.0,0.129,0.74,0,0,2.2,0.0,,0,zero_movement,0.372,1.72,0,False,False,False,
chocolate__165_chocolate,chocolate,165_chocolate,put the chocolate bar on the tray,102,2.476,commanded,0,1.5,0.0,0.135,0.65,0,0,2.1,0.0,0.362,1.06,0,0,1.9,0.0,0.33,1.15,0,0,2.5,0.0,0.137,0.88,0,0,2.5,0.0,,0,zero_movement,0.362,1.15,0,False,False,False,
chocolate__189_chocolate,chocolate,189_chocolate,put the chocolate bar on the tray,115,5.52,commanded,0,0.8,0.0,0.112,0.43,0,0,2.1,0.0,0.335,1.02,0,0,1.6,0.0,0.327,1.24,0,0,0.7,0.0,0.109,0.35,0,0,2.1,0.0,,0,zero_movement,0.335,1.24,0,False,False,False,
chocolate__190_chocolate,chocolate,190_chocolate,put the chocolate on the tray,113,5.319,commanded,0,0.7,0.0,0.111,0.56,0,0,2.3,0.0,0.345,1.11,0,0,1.5,0.0,0.278,0.9,0,0,0.9,0.0,0.093,0.37,0,0,2.3,0.0,,0,zero_movement,0.345,1.11,0,False,False,False,
chocolate__191_chocolate,chocolate,191_chocolate,put the chocolate bar on the tray,120,4.515,commanded,0,0.7,0.0,0.109,0.39,0,0,1.6,0.0,0.348,0.97,0,0,1.8,0.0,0.287,1.25,0,0,0.8,0.0,0.096,0.38,0,0,1.8,0.0,,0,zero_movement,0.348,1.25,0,False,False,False,
cylinder__188_cylinder,cylinder,188_cylinder,put the cylinder on the tray,130,5.051,commanded,0,1.4,0.0,0.111,0.42,0,0,1.6,0.0,0.292,0.93,0,0,1.9,0.0,0.332,1.27,0,0,1.7,0.0,0.113,1.37,0,0,1.9,0.0,,0,zero_movement,0.332,1.37,0,False,False,False,
cylindrical__185_cylindrical,cylindrical,185_cylindrical,put the cylindrical object on the tray,431,14.17,commanded,2,47.1,0.0047,0.451,9.85,8,8,123.0,0.0186,1.281,26.25,12,4,111.5,0.0093,1.19,25.32,14,3,38.4,0.007,0.672,25.51,5,17,123.0,0.0186,,0,normal,1.281,26.25,14,False,False,False,
cylindrical__186_cylindrical,cylindrical,186_cylindrical,put the cylindrical object on the tray,115,4.047,commanded,0,1.4,0.0,0.131,0.56,0,0,2.0,0.0,0.29,1.12,0,0,2.5,0.0,0.31,1.14,0,0,1.7,0.0,0.104,0.62,0,0,2.5,0.0,,0,zero_movement,0.31,1.14,0,False,False,False,
cylindrical__187_cylindrical,cylindrical,187_cylindrical,put the cylindrical object on the tray,124,5.352,commanded,0,1.7,0.0,0.143,1.2,0,0,2.0,0.0,0.308,1.03,0,0,1.7,0.0,0.293,0.93,0,0,3.1,0.0,0.126,2.0,0,0,3.1,0.0,,0,zero_movement,0.308,2.0,0,False,False,False,
cylindrical__195_cylindrical,cylindrical,195_cylindrical,put the cylindrical object on the tray,145,5.285,commanded,0,1.1,0.0,0.12,0.45,0,0,1.5,0.0,0.288,1.01,0,0,1.5,0.0,0.266,0.92,0,0,1.4,0.0,0.107,1.01,0,0,1.5,0.0,,0,zero_movement,0.288,1.01,0,False,False,False,
fail__073_brown,fail,073_brown,put the brown pouch on the tray,166,6.221,commanded,0,8.8,0.0,0.178,2.19,1,0,2.1,0.0,0.279,1.15,0,0,2.3,0.0,0.305,1.08,0,0,5.7,0.0,0.123,1.61,0,0,8.8,0.0,,0,zero_movement,0.305,2.19,1,False,False,False,
fail__074_pouch,fail,074_pouch,put the pouch on the tray,429,14.083,commanded,0,13.1,0.0,0.289,7.06,9,13,163.4,0.0304,4.288,158.93,13,17,160.1,0.0397,3.884,156.36,13,2,44.6,0.0047,0.813,21.17,10,32,163.4,0.0397,shoulder_lift;elbow_flex,2,oscillation,4.288,158.93,13,True,True,True,high_mean_and_peak
fail__080_box,fail,080_box,put the box on the tray,767,27.131,commanded,0,44.1,0.0,0.399,21.81,12,17,157.6,0.0222,2.909,151.09,25,20,156.4,0.0261,2.585,153.72,21,9,45.5,0.0117,0.623,24.43,15,46,157.6,0.0261,shoulder_lift;elbow_flex,2,oscillation,2.909,153.72,25,True,True,True,high_mean_and_peak
fail__092_toy,fail,092_toy,put the toy on the tray,123,4.717,commanded,1,40.8,0.0082,0.454,5.47,2,0,3.2,0.0,0.297,1.03,0,0,7.8,0.0,0.322,1.54,0,1,18.6,0.0082,0.252,1.18,0,2,40.8,0.0082,,0,normal,0.454,5.47,2,False,False,False,
fail__093_toy,fail,093_toy,put the toy on the tray,120,5.012,commanded,1,39.8,0.0084,0.465,8.84,2,0,3.8,0.0,0.263,1.1,0,0,10.0,0.0,0.361,2.44,1,1,19.9,0.0084,0.286,3.35,0,2,39.8,0.0084,,0,normal,0.465,8.84,2,False,False,False,
fail__094_toy,fail,094_toy,put the toy on the tray,677,23.456,commanded,3,42.3,0.0044,0.406,25.99,6,11,158.7,0.0163,0.945,25.82,21,9,154.2,0.0133,0.919,21.68,20,6,50.8,0.0089,0.464,10.23,15,29,158.7,0.0163,,0,normal,0.945,25.99,21,False,False,False,
fail__095_toy,fail,095_toy,put the toy on the tray,909,32.954,commanded,8,62.5,0.0088,0.704,50.88,18,26,160.9,0.0286,1.619,77.09,26,23,153.3,0.0253,1.69,74.42,29,9,50.3,0.0099,0.559,22.0,19,66,160.9,0.0286,shoulder_lift;elbow_flex,2,oscillation,1.69,77.09,29,False,False,False,
fail__100_banana,fail,100_banana,put the banana on the tray,530,20.408,commanded,2,22.1,0.0038,0.283,13.4,8,8,169.4,0.0151,0.772,17.3,4,8,175.1,0.0151,0.769,18.46,7,3,53.8,0.0057,0.342,12.07,8,21,175.1,0.0151,,0,normal,0.772,18.46,8,False,False,False,
fail__101_banana,fail,101_banana,put the banana on the tray,655,25.561,commanded,3,21.5,0.0046,0.408,15.28,16,9,170.8,0.0138,1.201,60.6,19,9,172.2,0.0138,1.15,51.83,16,5,54.1,0.0076,0.514,24.38,15,26,172.2,0.0138,,0,normal,1.201,60.6,19,False,False,False,
fail__104_toy,fail,104_toy,put the toy on the tray,708,24.795,commanded,0,42.0,0.0,0.46,23.32,6,15,150.3,0.0212,1.778,54.15,25,14,156.7,0.0198,1.666,72.47,24,8,52.7,0.0113,0.558,20.77,18,37,156.7,0.0212,shoulder_lift,1,oscillation,1.778,72.47,25,False,False,False,
fail__114_toy,fail,114_toy,put the toy on the tray,980,34.886,commanded,3,37.7,0.0031,0.421,18.8,20,24,107.8,0.0245,2.058,102.95,31,31,110.1,0.0317,1.557,88.53,29,2,26.6,0.002,0.411,18.84,16,60,110.1,0.0317,shoulder_lift;elbow_flex,2,oscillation,2.058,102.95,31,False,True,False,
fail__115_toy,fail,115_toy,put the toy on the tray,127,4.715,commanded,0,10.6,0.0,0.274,5.93,2,0,13.9,0.0,0.466,13.05,0,0,12.1,0.0,0.465,10.36,0,0,9.8,0.0,0.279,5.95,2,0,13.9,0.0,,0,normal,0.466,13.05,2,False,False,False,
fail__116_toy,fail,116_toy,put the toy on the tray,191,6.823,commanded,0,8.1,0.0,0.192,3.64,0,0,45.6,0.0,1.1,36.47,5,0,39.9,0.0,0.824,29.09,4,0,11.8,0.0,0.262,8.99,1,0,45.6,0.0,,0,normal,1.1,36.47,5,False,False,False,
fail__196_pencil,fail,196_pencil,put the pencil case on the tray,956,32.496,commanded,0,15.4,0.0,0.326,12.02,19,29,175.2,0.0304,3.677,164.97,28,28,171.2,0.0293,3.63,170.0,30,4,41.1,0.0042,0.599,16.47,20,61,175.2,0.0304,shoulder_lift;elbow_flex,2,oscillation,3.677,170.0,30,True,True,True,high_mean_and_peak
kiwi__063_kiwi,kiwi,063_kiwi,put the kiwi on the tray,100,5.989,commanded,0,0.9,0.0,0.16,0.54,0,0,1.7,0.0,0.366,1.21,0,0,2.2,0.0,0.397,1.28,0,0,1.7,0.0,0.132,0.56,0,0,2.2,0.0,,0,zero_movement,0.397,1.28,0,False,False,False,
kiwi__064_kiwi,kiwi,064_kiwi,put the kiwi on the tray,82,2.642,commanded,0,0.7,0.0,0.148,0.51,0,0,1.7,0.0,0.348,1.11,0,0,1.9,0.0,0.344,1.26,0,0,1.6,0.0,0.102,0.49,0,0,1.9,0.0,,0,zero_movement,0.348,1.26,0,False,False,False,
moose__071_moose,moose,071_moose,put the moose on the tray,545,19.029,commanded,5,85.1,0.0092,0.514,15.34,9,7,127.3,0.0129,1.086,26.97,12,5,106.0,0.0092,0.789,23.52,9,4,38.7,0.0074,0.399,11.1,4,21,127.3,0.0129,,0,normal,1.086,26.97,12,False,False,False,
plush__040_plush,plush,040_plush,put the plush toy on the tray,575,21.812,commanded,4,81.5,0.007,0.51,25.37,9,7,136.0,0.0122,1.114,36.99,13,6,115.8,0.0105,0.913,43.73,13,5,36.4,0.0087,0.515,19.08,7,22,136.0,0.0122,,0,normal,1.114,43.73,13,False,False,False,
plush__051_plush,plush,051_plush,put the plush toy on the tray,538,20.126,commanded,4,82.2,0.0074,0.587,21.89,6,6,138.9,0.0112,1.167,37.68,15,7,133.5,0.013,1.051,40.32,16,6,44.9,0.0112,0.625,19.6,7,23,138.9,0.013,,0,normal,1.167,40.32,16,False,False,False,
plush__061_plush,plush,061_plush,put the plush toy on the tray,551,19.008,commanded,4,86.5,0.0073,0.489,8.82,8,8,128.0,0.0145,1.03,17.08,14,6,105.1,0.0109,0.867,18.05,12,5,36.8,0.0091,0.45,6.93,7,23,128.0,0.0145,,0,normal,1.03,18.05,14,False,False,False,
plush__067_plush,plush,067_plush,put the plush toy on the tray,518,20.936,commanded,3,80.8,0.0058,0.509,16.04,4,6,144.1,0.0116,1.045,15.49,16,6,122.1,0.0116,0.901,16.58,15,5,42.2,0.0097,0.518,8.07,6,20,144.1,0.0116,,0,normal,1.045,16.58,16,False,False,False,
plush__069_plush,plush,069_plush,put the plush toy on the tray,1436,48.9,commanded,11,78.6,0.0077,0.559,46.08,28,36,162.9,0.0251,1.39,65.08,40,31,156.8,0.0216,1.256,60.7,44,18,49.8,0.0125,0.679,28.9,39,96,162.9,0.0251,shoulder_lift;elbow_flex,2,oscillation,1.39,65.08,44,False,False,False,
plush__070_plush,plush,070_plush,put the plush toy on the tray,681,24.777,commanded,1,52.0,0.0015,0.31,22.79,2,10,169.4,0.0147,1.123,31.18,20,15,161.0,0.0221,1.13,33.95,23,3,53.2,0.0044,0.514,9.63,10,29,169.4,0.0221,elbow_flex,1,oscillation,1.13,33.95,23,False,False,False,
plush__084_plush,plush,084_plush,put the plush toy on the tray,600,20.538,commanded,3,83.4,0.005,0.588,44.27,8,12,143.6,0.02,1.216,42.05,17,11,127.0,0.0184,1.086,41.66,17,5,43.2,0.0083,0.597,28.48,10,31,143.6,0.02,shoulder_lift,1,oscillation,1.216,44.27,17,False,False,False,
plush__132_plush,plush,132_plush,put the plush toy on the tray,535,21.294,commanded,0,32.8,0.0,0.386,19.13,5,12,165.8,0.0225,1.797,97.27,17,13,167.5,0.0243,1.695,103.31,16,5,52.0,0.0094,0.798,21.96,14,30,167.5,0.0243,shoulder_lift;elbow_flex,2,oscillation,1.797,103.31,17,False,True,False,
plush__133_plush,plush,133_plush,put the plush toy on the tray,240,8.231,commanded,0,4.9,0.0,0.205,3.19,1,6,161.3,0.0251,2.12,54.92,8,10,164.7,0.0418,2.516,87.65,8,3,48.3,0.0126,0.695,19.06,6,19,164.7,0.0418,shoulder_lift;elbow_flex,2,oscillation,2.516,87.65,8,True,False,False,
plush__146_plush,plush,146_plush,put the plush toy in the tray,637,26.003,commanded,3,46.3,0.0047,0.306,5.72,5,6,150.3,0.0094,0.893,17.0,12,9,155.4,0.0142,0.877,20.8,17,6,55.3,0.0094,0.471,9.84,4,24,155.4,0.0142,,0,normal,0.893,20.8,17,False,False,False,
plush__148_plush,plush,148_plush,put the plush toy in the tray,435,15.324,commanded,3,45.0,0.0069,0.443,15.39,5,6,127.8,0.0138,1.372,53.96,12,6,110.9,0.0138,1.088,59.39,7,2,31.5,0.0046,0.615,18.4,3,17,127.8,0.0138,,0,normal,1.372,59.39,12,False,False,False,
plush__151_plush,plush,151_plush,put the plush toy on the tray,454,17.542,commanded,3,42.7,0.0066,0.35,7.07,3,6,156.2,0.0132,1.09,18.61,12,7,154.1,0.0155,1.1,16.77,14,6,59.8,0.0132,0.544,20.29,4,22,156.2,0.0155,,0,normal,1.1,20.29,14,False,False,False,
plush__154_plush,plush,154_plush,put the plush toy on the tray,363,11.443,commanded,3,81.9,0.0083,0.538,12.42,4,3,129.4,0.0083,0.842,10.67,5,2,107.8,0.0055,0.659,5.78,4,3,30.8,0.0083,0.367,4.11,2,11,129.4,0.0083,,0,normal,0.842,12.42,5,False,False,False,
plush__155_plush,plush,155_plush,put the plush toy on the tray,642,23.77,commanded,5,89.8,0.0078,0.447,10.26,3,7,134.8,0.0109,0.931,19.79,15,10,120.7,0.0156,0.779,16.4,13,5,40.2,0.0078,0.43,18.84,5,27,134.8,0.0156,,0,normal,0.931,19.79,15,False,False,False,
plush__158_plush,plush,158_plush,put the plush toy on the tray,659,21.584,commanded,6,81.9,0.0091,0.406,7.39,5,7,130.7,0.0106,0.769,9.69,6,8,111.6,0.0122,0.677,11.07,7,5,35.0,0.0076,0.37,9.62,4,26,130.7,0.0122,,0,normal,0.769,11.07,7,False,False,False,
plush__162_plush,plush,162_plush,put the plush toy on the tray,705,27.048,commanded,7,85.9,0.0099,0.623,28.25,11,15,148.6,0.0213,2.134,128.84,23,20,146.4,0.0284,2.065,121.3,23,11,50.4,0.0156,0.91,46.17,17,53,148.6,0.0284,shoulder_lift;elbow_flex,2,oscillation,2.134,128.84,23,False,True,False,
plush__166_plush,plush,166_plush,put the plush toy on the tray,1381,48.414,commanded,9,85.8,0.0065,0.551,31.87,21,32,157.1,0.0232,1.311,81.58,34,38,153.7,0.0275,1.415,74.16,49,12,46.4,0.0087,0.654,27.58,34,91,157.1,0.0275,shoulder_lift;elbow_flex,2,oscillation,1.415,81.58,49,False,False,False,
plush__177_plush,plush,177_plush,put the plush toy on the tray,529,19.055,commanded,3,44.9,0.0057,0.414,11.96,8,8,156.7,0.0152,1.079,16.85,16,10,156.3,0.0189,1.106,19.91,11,6,51.4,0.0114,0.454,11.21,8,27,156.7,0.0189,,0,normal,1.106,19.91,16,False,False,False,
plush__192_plush,plush,192_plush,put the plush toy on the tray,560,19.38,commanded,5,80.0,0.0089,0.498,11.16,7,10,137.8,0.0179,1.001,21.62,13,7,118.5,0.0125,0.886,23.47,13,5,37.8,0.0089,0.498,12.14,6,27,137.8,0.0179,,0,normal,1.001,23.47,13,False,False,False,
pouch__002_pouch,pouch,002_pouch,put the pouch on the tray,472,15.658,commanded,0,7.5,0.0,0.221,4.66,8,12,163.5,0.0255,3.241,111.4,13,13,157.8,0.0276,2.941,108.65,14,4,42.4,0.0085,0.597,19.39,10,29,163.5,0.0276,shoulder_lift;elbow_flex,2,oscillation,3.241,111.4,14,True,True,True,high_mean_and_peak
pouch__004_pouch,pouch,004_pouch,put the pouch on the tray,511,18.034,commanded,4,49.8,0.0078,0.586,35.86,12,16,163.2,0.0314,2.872,130.44,20,19,149.0,0.0373,2.605,125.29,18,11,50.3,0.0216,0.884,41.6,10,50,163.2,0.0373,shoulder_lift;elbow_flex;wrist_flex,3,oscillation,2.872,130.44,20,True,True,True,high_mean_and_peak
pouch__006_pouch,pouch,006_pouch,put the pouch on the tray,124,4.621,commanded,0,6.8,0.0,0.145,1.04,0,0,1.8,0.0,0.27,0.81,0,0,3.9,0.0,0.284,1.1,0,0,12.9,0.0,0.219,3.48,0,0,12.9,0.0,,0,normal,0.284,3.48,0,False,False,False,
pouch__007_pouch,pouch,007_pouch,put the pouch on the tray,561,21.007,commanded,2,48.7,0.0036,0.404,11.83,8,10,159.1,0.0179,1.374,54.39,15,7,151.8,0.0125,1.257,37.44,15,6,48.3,0.0107,0.74,19.48,11,25,159.1,0.0179,,0,normal,1.374,54.39,15,False,False,False,
pouch__008_pouch,pouch,008_pouch,put the pouch on the tray,415,15.018,commanded,2,48.8,0.0048,0.566,23.94,7,7,130.8,0.0169,1.337,37.27,11,7,128.4,0.0169,1.109,41.76,8,4,42.3,0.0097,0.508,25.96,4,20,130.8,0.0169,,0,normal,1.337,41.76,11,False,False,False,
pouch__043_pouch,pouch,043_pouch,put the pouch on the tray,143,4.816,commanded,0,1.7,0.0,0.147,0.92,0,0,2.9,0.0,0.373,1.86,0,0,4.2,0.0,0.352,2.45,0,0,5.3,0.0,0.146,3.38,0,0,5.3,0.0,,0,zero_movement,0.373,3.38,0,False,False,False,
pouch__045_pouch,pouch,045_pouch,put the pouch on the tray,191,6.589,commanded,0,2.4,0.0,0.144,1.37,0,0,2.5,0.0,0.315,1.26,0,0,3.2,0.0,0.324,2.07,0,0,2.7,0.0,0.122,0.99,0,0,3.2,0.0,,0,zero_movement,0.324,2.07,0,False,False,False,
pouch__046_pouch,pouch,046_pouch,put the pouch on the tray,141,4.414,commanded,0,3.4,0.0,0.15,1.87,0,0,1.7,0.0,0.237,1.15,0,0,4.0,0.0,0.335,1.16,0,0,3.9,0.0,0.118,2.66,0,0,4.0,0.0,,0,zero_movement,0.335,2.66,0,False,False,False,
pouch__054_pouch,pouch,054_pouch,put the pouch on the tray,173,7.8,commanded,0,2.6,0.0,0.128,0.51,0,0,2.0,0.0,0.304,1.09,0,0,2.7,0.0,0.325,1.33,0,0,1.3,0.0,0.101,0.42,0,0,2.7,0.0,,0,zero_movement,0.325,1.33,0,False,False,False,
pouch__056_pouch,pouch,056_pouch,put the pouch on the tray,132,5.086,commanded,0,1.7,0.0,0.132,0.81,0,0,2.0,0.0,0.334,1.24,0,0,3.6,0.0,0.33,2.62,0,0,1.4,0.0,0.096,0.55,0,0,3.6,0.0,,0,zero_movement,0.334,2.62,0,False,False,False,
pouch__057_pouch,pouch,057_pouch,put the pouch on the tray,132,5.119,commanded,0,2.6,0.0,0.133,1.46,0,0,1.9,0.0,0.332,0.92,0,0,2.3,0.0,0.319,1.41,0,0,0.9,0.0,0.103,0.38,0,0,2.6,0.0,,0,zero_movement,0.332,1.46,0,False,False,False,
pouch__058_pouch,pouch,058_pouch,put the pouch on the tray,126,5.488,commanded,0,1.4,0.0,0.124,0.47,0,0,1.6,0.0,0.314,1.0,0,0,2.3,0.0,0.291,1.33,0,0,2.0,0.0,0.1,0.7,0,0,2.3,0.0,,0,zero_movement,0.314,1.33,0,False,False,False,
pouch__059_pouch,pouch,059_pouch,put the pouch on the tray,122,5.924,commanded,0,1.6,0.0,0.152,0.9,0,0,1.7,0.0,0.274,1.1,0,0,1.8,0.0,0.287,0.94,0,0,1.6,0.0,0.109,0.46,0,0,1.8,0.0,,0,zero_movement,0.287,1.1,0,False,False,False,
pouch__060_pouch,pouch,060_pouch,put the pouch on the tray,506,17.003,commanded,4,50.5,0.0079,0.428,8.85,7,6,133.6,0.0119,1.055,28.68,12,7,138.1,0.0139,1.134,28.72,13,4,39.9,0.0079,0.661,13.5,8,21,138.1,0.0139,,0,normal,1.134,28.72,13,False,False,False,
pouch__065_pouch,pouch,065_pouch,put the pouch on the tray,141,5.219,commanded,0,1.3,0.0,0.118,0.81,0,0,1.9,0.0,0.302,1.35,0,0,2.5,0.0,0.31,1.43,0,0,7.1,0.0,0.166,2.0,0,0,7.1,0.0,,0,zero_movement,0.31,2.0,0,False,False,False,
pouch__066_pouch,pouch,066_pouch,put the pouch on the tray,127,5.587,commanded,0,1.9,0.0,0.139,0.5,0,0,1.9,0.0,0.294,1.41,0,0,3.3,0.0,0.278,2.05,0,0,7.0,0.0,0.169,1.87,0,0,7.0,0.0,,0,zero_movement,0.294,2.05,0,False,False,False,
pouch__075_pouch,pouch,075_pouch,put the pouch on the tray,566,20.47,commanded,2,49.0,0.0035,0.352,11.4,5,7,148.6,0.0124,1.043,36.4,13,7,142.0,0.0124,0.9,27.71,8,5,44.4,0.0088,0.486,21.85,6,21,148.6,0.0124,,0,normal,1.043,36.4,13,False,False,False,
pouch__076_pouch,pouch,076_pouch,put the pouch on the tray,883,31.285,commanded,5,61.7,0.0057,0.467,21.34,9,16,132.7,0.0181,1.292,55.3,24,14,127.0,0.0159,1.117,54.98,19,7,40.1,0.0079,0.51,12.03,12,42,132.7,0.0181,,0,normal,1.292,55.3,24,False,False,False,
pouch__078_pouch,pouch,078_pouch,put the pouch on the tray,474,15.891,commanded,3,55.0,0.0063,0.393,11.27,5,6,118.6,0.0127,0.849,16.19,7,7,108.5,0.0148,0.736,15.01,6,3,32.9,0.0063,0.461,16.39,7,19,118.6,0.0148,,0,normal,0.849,16.39,7,False,False,False,
pouch__079_pouch,pouch,079_pouch,put the pouch on the tray,1049,36.5,commanded,6,48.9,0.0057,0.542,22.37,14,13,162.0,0.0124,1.035,40.89,26,15,161.6,0.0143,1.052,41.21,28,2,41.1,0.0019,0.333,17.86,8,36,162.0,0.0143,,0,normal,1.052,41.21,28,False,False,False,
pouch__099_pouch,pouch,099_pouch,put the pouch on the tray,430,14.016,commanded,4,48.6,0.0093,0.436,17.13,6,7,126.9,0.0163,1.31,28.85,13,7,108.6,0.0163,1.093,31.29,16,4,35.2,0.0093,0.593,20.85,8,22,126.9,0.0163,,0,normal,1.31,31.29,16,False,False,False,
pouch__107_pouch,pouch,107_pouch,put the pouch on the tray,566,21.074,commanded,5,86.9,0.0088,0.524,14.45,7,10,150.1,0.0177,1.02,19.06,16,7,144.9,0.0124,0.916,27.2,11,6,59.6,0.0106,0.564,17.02,9,28,150.1,0.0177,,0,normal,1.02,27.2,16,False,False,False,
pouch__109_pouch,pouch,109_pouch,put the pouch on the tray,472,17.268,commanded,4,51.9,0.0085,0.406,13.19,5,8,156.6,0.017,1.09,27.2,12,10,146.8,0.0212,1.111,31.86,13,6,50.7,0.0127,0.697,13.82,4,28,156.6,0.0212,elbow_flex,1,oscillation,1.111,31.86,13,False,False,False,
pouch__112_pouch,pouch,112_pouch,put the pouch on the tray,536,19.733,commanded,5,85.2,0.0093,0.59,14.76,9,7,135.6,0.0131,1.133,48.41,10,8,127.0,0.015,0.941,51.41,8,6,50.2,0.0112,0.52,15.89,7,26,135.6,0.015,,0,normal,1.133,51.41,10,False,False,False,
pouch__117_pouch,pouch,117_pouch,put the pouch on the tray,417,15.187,commanded,2,52.1,0.0048,0.535,18.96,7,7,134.8,0.0168,1.165,19.06,13,7,129.1,0.0168,1.016,21.29,10,2,35.9,0.0048,0.429,18.68,3,18,134.8,0.0168,,0,normal,1.165,21.29,13,False,False,False,
pouch__119_pouch,pouch,119_pouch,put the pouch on thet tray,541,19.263,commanded,2,44.8,0.0037,0.364,10.89,5,9,169.4,0.0167,0.968,27.47,6,9,165.0,0.0167,0.943,33.09,5,6,49.6,0.0111,0.418,13.15,3,26,169.4,0.0167,,0,normal,0.968,33.09,6,False,False,False,
pouch__144_pouch,pouch,144_pouch,put the pouch in the tray,127,5.887,commanded,0,1.4,0.0,0.146,1.23,0,0,2.5,0.0,0.263,0.98,0,0,2.3,0.0,0.289,0.94,0,0,1.4,0.0,0.103,0.57,0,0,2.5,0.0,,0,zero_movement,0.289,1.23,0,False,False,False,
pouch__145_pouch,pouch,145_pouch,put the pouch in the tray,396,15.389,commanded,2,37.4,0.0051,0.391,24.32,5,14,116.9,0.0354,2.385,78.05,13,11,96.0,0.0278,1.539,46.46,9,0,31.1,0.0,0.406,26.18,8,27,116.9,0.0354,shoulder_lift;elbow_flex,2,oscillation,2.385,78.05,13,True,False,False,
pouch__147_pouch,pouch,147_pouch,put the pouch in the tray,462,15.937,commanded,3,46.9,0.0065,0.402,9.94,3,8,124.1,0.0174,1.128,23.07,13,7,102.6,0.0152,0.989,26.88,18,4,32.5,0.0087,0.502,11.5,8,22,124.1,0.0174,,0,normal,1.128,26.88,18,False,False,False,
pouch__149_pouch,pouch,149_pouch,put the pouch in the tray,627,21.288,commanded,3,50.3,0.0048,0.393,23.75,5,8,163.6,0.0128,1.261,24.92,20,10,157.0,0.016,1.153,22.42,17,6,52.5,0.0096,0.666,19.2,12,27,163.6,0.016,,0,normal,1.261,24.92,20,False,False,False,
pouch__152_pouch,pouch,152_pouch,put the pouch on the tray,426,14.899,commanded,3,49.2,0.0071,0.429,9.89,1,6,122.9,0.0141,1.238,21.64,13,9,106.7,0.0212,0.999,24.04,10,5,35.9,0.0118,0.639,13.7,7,23,122.9,0.0212,elbow_flex,1,oscillation,1.238,24.04,13,False,False,False,
pouch__156_pouch,pouch,156_pouch,put the pouch on the tray,477,16.946,commanded,3,46.0,0.0063,0.461,20.42,4,8,158.6,0.0168,1.081,23.85,8,11,163.0,0.0231,1.19,29.6,12,6,51.9,0.0126,0.631,15.38,6,28,163.0,0.0231,elbow_flex,1,oscillation,1.19,29.6,12,False,False,False,
pouch__157_pouch,pouch,157_pouch,put the pouch on the tray,103,5.788,commanded,0,0.9,0.0,0.117,0.5,0,0,1.8,0.0,0.36,1.16,0,0,1.9,0.0,0.302,1.6,0,0,1.4,0.0,0.099,0.52,0,0,1.9,0.0,,0,zero_movement,0.36,1.6,0,False,False,False,
pouch__176_pouch,pouch,176_pouch,put the pouch on the tray,176,8.288,commanded,0,2.8,0.0,0.14,0.99,0,0,2.0,0.0,0.31,1.61,0,0,3.4,0.0,0.333,1.62,0,0,5.3,0.0,0.141,1.17,0,0,5.3,0.0,,0,zero_movement,0.333,1.62,0,False,False,False,
pouch__178_pouch,pouch,178_pouch,put the pouch on the tray,1264,42.748,commanded,0,35.8,0.0,0.351,22.92,17,19,127.4,0.015,1.613,75.46,39,16,133.8,0.0127,1.341,49.82,43,4,41.7,0.0032,0.644,20.97,18,39,133.8,0.015,,0,normal,1.613,75.46,43,False,False,False,
pouch__179_pouch,pouch,179_pouch,put the pouch on the tray,129,5.363,commanded,0,6.1,0.0,0.138,0.93,0,0,2.3,0.0,0.308,1.14,0,0,4.1,0.0,0.298,1.61,0,0,10.8,0.0,0.312,5.77,0,0,10.8,0.0,,0,normal,0.312,5.77,0,False,False,False,
pouch__180_pouch,pouch,180_pouch,put the pouch on the tray,470,16.106,commanded,0,16.3,0.0,0.279,8.18,7,2,55.6,0.0043,1.009,38.18,12,0,47.3,0.0,0.847,31.35,10,0,24.2,0.0,0.547,19.51,6,2,55.6,0.0043,,0,normal,1.009,38.18,12,False,False,False,
pouch__181_pouch,pouch,181_pouch,put the pouch on the tray,874,31.456,commanded,0,14.8,0.0,0.282,7.76,15,16,86.9,0.0183,1.615,66.56,26,2,73.3,0.0023,1.243,52.17,25,12,24.4,0.0137,0.689,18.31,14,30,86.9,0.0183,,0,normal,1.615,66.56,26,False,False,False,
pouch__182_pouch,pouch,182_pouch,put the pouch on the tray,268,8.568,commanded,0,9.1,0.0,0.197,4.26,1,2,54.1,0.0075,0.92,34.5,3,2,43.8,0.0075,0.714,25.46,5,0,20.0,0.0,0.403,9.39,1,4,54.1,0.0075,,0,normal,0.92,34.5,5,False,False,False,
pouch__183_pouch,pouch,183_pouch,put the pouch on the tray,222,8.201,commanded,0,8.5,0.0,0.247,6.33,0,0,33.3,0.0,1.606,21.64,11,0,26.1,0.0,1.137,15.23,6,0,18.8,0.0,0.601,11.98,2,0,33.3,0.0,,0,normal,1.606,21.64,11,False,False,False,
purse__015_purse,purse,015_purse,put the purse on the tray,487,16.357,commanded,3,51.2,0.0062,0.419,15.73,6,8,144.7,0.0165,1.266,35.45,10,9,144.3,0.0185,1.268,42.43,11,8,45.9,0.0165,0.738,29.98,4,28,144.7,0.0185,,0,normal,1.268,42.43,11,False,False,False,
purse__016_purse,purse,016_purse,put the purse on the tray,1026,36.87,commanded,7,82.2,0.0068,0.468,14.5,16,18,165.7,0.0176,1.593,113.76,27,21,176.9,0.0205,1.515,104.37,32,12,48.6,0.0117,0.707,26.49,18,58,176.9,0.0205,elbow_flex,1,oscillation,1.593,113.76,32,False,True,False,
purse__020_purse,purse,020_purse,put the purse on the tray,498,18.97,commanded,2,48.3,0.004,0.38,14.84,2,7,146.9,0.0141,0.95,18.0,12,7,151.3,0.0141,0.945,18.46,12,6,46.0,0.0121,0.556,15.05,6,22,151.3,0.0141,,0,normal,0.95,18.46,12,False,False,False,
robot__150_robot,robot,150_robot,put the robot arm on the tray,103,5.285,commanded,0,0.7,0.0,0.119,0.63,0,0,1.4,0.0,0.292,1.06,0,0,1.4,0.0,0.266,1.13,0,0,1.0,0.0,0.095,0.54,0,0,1.4,0.0,,0,zero_movement,0.292,1.13,0,False,False,False,
roll__011_roll,roll,011_roll,put the roll on the tray,435,15.288,commanded,3,44.9,0.0069,0.47,19.85,5,7,126.1,0.0161,1.332,56.07,11,5,106.8,0.0115,1.192,62.79,13,5,38.3,0.0115,0.584,24.87,6,20,126.1,0.0161,,0,normal,1.332,62.79,13,False,False,False,
roll__018_roll,roll,018_roll,put the roll on the tray,728,26.93,commanded,5,84.6,0.0069,0.439,14.45,11,10,149.7,0.0138,0.93,25.92,20,10,142.3,0.0138,0.879,22.06,17,6,57.4,0.0083,0.49,15.1,14,31,149.7,0.0138,,0,normal,0.93,25.92,20,False,False,False,
roll__019_roll,roll,019_roll,put the roll on the tray,497,17.161,commanded,2,48.0,0.004,0.425,17.82,6,8,151.1,0.0161,1.144,38.3,14,9,157.4,0.0181,1.117,44.17,14,7,48.2,0.0141,0.527,20.54,5,26,157.4,0.0181,,0,normal,1.144,44.17,14,False,False,False,
sausage__097_sausage,sausage,097_sausage,put the sausage on the tray,930,32.425,commanded,7,88.4,0.0075,0.645,27.38,18,14,145.3,0.0151,1.433,48.76,28,14,131.4,0.0151,1.253,47.86,30,10,44.4,0.0108,0.723,29.28,18,45,145.3,0.0151,,0,normal,1.433,48.76,30,False,False,False,
sausage__098_sausage,sausage,098_sausage,put the sausage on the tray,102,5.018,commanded,0,0.5,0.0,0.088,0.26,0,0,1.3,0.0,0.261,0.92,0,0,1.2,0.0,0.23,0.71,0,0,0.9,0.0,0.07,0.25,0,0,1.3,0.0,,0,zero_movement,0.261,0.92,0,False,False,False,
stuffed__022_stuffed,stuffed,022_stuffed,put the stuffed animal in the tray,621,22.513,commanded,11,92.4,0.0177,1.044,91.12,15,21,138.4,0.0339,1.866,107.96,18,24,124.3,0.0387,1.78,75.66,19,11,39.7,0.0177,0.691,25.0,16,67,138.4,0.0387,shoulder_lift;elbow_flex,2,oscillation,1.866,107.96,19,False,True,False,
stuffed__023_stuffed,stuffed,023_stuffed,put the stuffed animal in the tray,772,27.572,commanded,6,67.7,0.0078,0.755,46.49,16,16,147.6,0.0208,1.478,63.86,24,13,123.8,0.0169,1.12,44.36,21,8,40.1,0.0104,0.701,21.08,14,43,147.6,0.0208,shoulder_lift,1,oscillation,1.478,63.86,24,False,False,False,
stuffed__024_stuffed,stuffed,024_stuffed,put the stuffed animal in the box,508,19.374,commanded,4,85.7,0.0079,0.55,17.01,10,9,131.5,0.0178,1.049,26.84,7,6,125.2,0.0118,0.88,28.68,7,5,43.2,0.0099,0.456,10.86,5,24,131.5,0.0178,,0,normal,1.049,28.68,10,False,False,False,
stuffed__038_stuffed,stuffed,038_stuffed,put the stuffed animal on the tray,317,10.837,commanded,0,29.6,0.0,0.383,19.53,3,4,123.5,0.0127,1.507,75.92,7,5,91.2,0.0158,1.103,60.87,6,0,30.2,0.0,0.63,19.54,7,9,123.5,0.0158,,0,normal,1.507,75.92,7,False,False,False,
table__153_table,table,153_table,put the table on the tray,107,5.015,commanded,0,0.8,0.0,0.122,0.5,0,0,1.7,0.0,0.358,1.17,0,0,1.8,0.0,0.396,1.37,0,0,2.0,0.0,0.139,0.8,0,0,2.0,0.0,,0,zero_movement,0.396,1.37,0,False,False,False,
toy__000_toy,toy,000_toy,put the toy on the tray,496,16.834,commanded,3,45.2,0.0061,0.323,5.52,3,8,125.8,0.0162,0.93,11.38,13,8,114.8,0.0162,0.785,16.34,9,2,28.6,0.004,0.409,8.12,5,21,125.8,0.0162,,0,normal,0.93,16.34,13,False,False,False,
toy__003_toy,toy,003_toy,put the toy on the tray,654,23.551,commanded,4,79.4,0.0061,0.404,7.05,4,8,140.3,0.0123,0.787,14.24,8,7,118.2,0.0107,0.697,17.55,10,4,43.2,0.0061,0.41,13.19,7,23,140.3,0.0123,,0,normal,0.787,17.55,10,False,False,False,
toy__010_toy,toy,010_toy,put the toy on the tray,679,26.101,commanded,2,42.8,0.0029,0.335,8.26,7,6,161.0,0.0088,0.978,38.51,14,9,163.2,0.0133,0.989,45.34,16,6,56.5,0.0088,0.547,16.51,9,23,163.2,0.0133,,0,normal,0.989,45.34,16,False,False,False,
toy__034_toy,toy,034_toy,put the toy on the tray,567,19.535,commanded,3,79.9,0.0053,0.446,6.73,6,5,139.7,0.0088,0.792,21.4,8,7,119.1,0.0124,0.684,13.99,8,6,35.4,0.0106,0.43,5.81,7,21,139.7,0.0124,,0,normal,0.792,21.4,8,False,False,False,
toy__037_toy,toy,037_toy,put the toy on the tray,100,3.68,commanded,0,0.9,0.0,0.125,0.53,0,0,1.5,0.0,0.307,1.0,0,0,1.8,0.0,0.286,0.94,0,0,1.4,0.0,0.099,0.43,0,0,1.8,0.0,,0,zero_movement,0.307,1.0,0,False,False,False,
toy__047_toy,toy,047_toy,put the toy on the tray,543,19.505,commanded,7,81.8,0.0129,0.675,33.5,11,7,141.1,0.0129,1.193,49.43,14,7,126.2,0.0129,1.073,45.1,17,6,42.7,0.0111,0.627,25.39,8,27,141.1,0.0129,,0,normal,1.193,49.43,17,False,False,False,
toy__106_toy,toy,106_toy,put the toy on the tray,1298,48.133,commanded,8,52.1,0.0062,0.498,30.51,20,28,163.3,0.0216,1.659,91.72,43,32,163.9,0.0247,1.466,73.8,35,19,58.1,0.0146,0.791,39.96,25,87,163.9,0.0247,shoulder_lift;elbow_flex,2,oscillation,1.659,91.72,43,False,False,False,
toy__108_toy,toy,108_toy,put the toy on the tray,421,15.316,commanded,2,45.6,0.0048,0.441,14.15,6,7,128.0,0.0167,1.136,30.05,10,7,109.0,0.0167,1.11,40.1,12,2,36.0,0.0048,0.564,15.93,5,18,128.0,0.0167,,0,normal,1.136,40.1,12,False,False,False,
toy__120_toy,toy,120_toy,put the toy on the tray,413,14.817,commanded,3,37.6,0.0073,0.311,4.04,1,6,134.1,0.0146,1.146,22.45,13,7,128.1,0.017,1.143,18.21,15,6,33.6,0.0146,0.56,11.84,10,22,134.1,0.017,,0,normal,1.146,22.45,15,False,False,False,
toy__122_toy,toy,122_toy,put the toy on the tray,535,17.827,commanded,2,44.2,0.0037,0.305,8.17,3,6,157.4,0.0112,1.03,24.7,10,8,165.4,0.015,1.113,27.7,12,6,54.6,0.0112,0.527,9.25,10,22,165.4,0.015,,0,normal,1.113,27.7,12,False,False,False,
toy__124_toy,toy,124_toy,put the toy on the tray,472,16.118,commanded,4,43.6,0.0085,0.399,10.6,5,8,154.4,0.017,1.302,31.79,17,8,155.5,0.017,1.309,28.82,13,6,52.1,0.0127,0.584,14.39,6,26,155.5,0.017,,0,normal,1.309,31.79,17,False,False,False,
toy__143_toy,toy,143_toy,put the toy in the tray,473,18.507,commanded,3,46.8,0.0064,0.352,10.86,2,9,160.2,0.0191,1.031,14.55,12,10,165.7,0.0212,1.148,18.88,13,6,57.8,0.0127,0.653,13.57,6,28,165.7,0.0212,elbow_flex,1,oscillation,1.148,18.88,13,False,False,False,
toy__169_toy,toy,169_toy,put the toy on the tray,539,18.108,commanded,3,76.1,0.0056,0.466,10.63,8,7,137.8,0.013,0.894,13.22,12,9,125.0,0.0167,0.781,12.46,9,6,42.6,0.0112,0.487,13.93,6,25,137.8,0.0167,,0,normal,0.894,13.93,12,False,False,False,
