episode_dir,task,chunk_id,must_go,input_timestep,input_elapsed,unix_ts,front_img,wrist_img,recap_img,returned_len,exec_index,exec_timestep,exec_action_n,in_shoulder_pan.pos,in_shoulder_lift.pos,in_elbow_flex.pos,in_wrist_flex.pos,in_wrist_roll.pos,in_gripper.pos,act_shoulder_pan.pos,act_shoulder_lift.pos,act_elbow_flex.pos,act_wrist_flex.pos,act_wrist_roll.pos,act_gripper.pos
066_roll,put the roll on the tray,1,1,0,0.0,1788427525.8056543,00000_front_put_the_roll_on_the_tray.png,00000_wrist_put_the_roll_on_the_tray.png,recap.png,50,0,0,1,-5.0989010989010985,-101.93406593406593,91.91208791208791,73.49450549450549,-1.2747252747252746,0.821917808219178,-4.406366348266602,-102.11376953125,88.88449096679688,74.56433868408203,-1.3288326263427734,0.8771185278892517
066_roll,put the roll on the tray,1,1,0,0.0,1788427525.8056543,00000_front_put_the_roll_on_the_tray.png,00000_wrist_put_the_roll_on_the_tray.png,recap.png,50,1,1,2,-5.0989010989010985,-101.93406593406593,91.91208791208791,73.49450549450549,-1.2747252747252746,0.821917808219178,-4.651399612426758,-102.12288665771484,88.82276916503906,74.85887145996094,-1.3418207168579102,0.9888389706611633
066_roll,put the roll on the tray,1,1,0,0.0,1788427525.8056543,00000_front_put_the_roll_on_the_tray.png,00000_wrist_put_the_roll_on_the_tray.png,recap.png,50,2,2,3,-5.0989010989010985,-101.93406593406593,91.91208791208791,73.49450549450549,-1.2747252747252746,0.821917808219178,-4.5575408935546875,-102.35855865478516,88.36021423339844,74.67647552490234,-1.2270698547363281,0.875278890132904
066_roll,put the roll on the tray,1,1,0,0.0,1788427525.8056543,00000_front_put_the_roll_on_the_tray.png,00000_wrist_put_the_roll_on_the_tray.png,recap.png,50,3,3,4,-5.0989010989010985,-101.93406593406593,91.91208791208791,73.49450549450549,-1.2747252747252746,0.821917808219178,-4.703464508056641,-101.75861358642578,88.20256042480469,74.94486999511719,-1.2703466415405273,1.0917329788208008
066_roll,put the roll on the tray,1,1,0,0.0,1788427525.8056543,00000_front_put_the_roll_on_the_tray.png,00000_wrist_put_the_roll_on_the_tray.png,recap.png,50,4,4,5,-5.0989010989010985,-101.93406593406593,91.91208791208791,73.49450549450549,-1.2747252747252746,0.821917808219178,-4.74565315246582,-101.4007797241211,88.48588562011719,74.88027954101562,-1.2626714706420898,0.9814571142196655
066_roll,put the roll on the tray,1,1,0,0.0,1788427525.8056543,00000_front_put_the_roll_on_the_tray.png,00000_wrist_put_the_roll_on_the_tray.png,recap.png,50,5,5,6,-5.0989010989010985,-101.93406593406593,91.91208791208791,73.49450549450549,-1.2747252747252746,0.821917808219178,-4.668163299560547,-102.07678985595703,88.69609069824219,74.84708404541016,-1.293431282043457,0.8069831132888794
066_roll,put the roll on the tray,1,1,0,0.0,1788427525.8056543,00000_front_put_the_roll_on_the_tray.png,00000_wrist_put_the_roll_on_the_tray.png,recap.png,50,6,6,7,-5.0989010989010985,-101.93406593406593,91.91208791208791,73.49450549450549,-1.2747252747252746,0.821917808219178,-4.624082565307617,-102.03876495361328,88.46238708496094,75.04066467285156,-1.2601308822631836,0.9327408671379089
066_roll,put the roll on the tray,1,1,0,0.0,1788427525.8056543,00000_front_put_the_roll_on_the_tray.png,00000_wrist_put_the_roll_on_the_tray.png,recap.png,50,7,7,8,-5.0989010989010985,-101.93406593406593,91.91208791208791,73.49450549450549,-1.2747252747252746,0.821917808219178,-4.496252059936523,-101.67035675048828,88.99957275390625,74.71835327148438,-1.2771377563476562,0.9107130765914917
066_roll,put the roll on the tray,1,1,0,0.0,1788427525.8056543,00000_front_put_the_roll_on_the_tray.png,00000_wrist_put_the_roll_on_the_tray.png,recap.png,50,8,8,9,-5.0989010989010985,-101.93406593406593,91.91208791208791,73.49450549450549,-1.2747252747252746,0.821917808219178,-4.480686187744141,-101.75324249267578,88.74752807617188,74.46088409423828,-1.3263473510742188,0.9241024255752563
066_roll,put the roll on the tray,1,1,0,0.0,1788427525.8056543,00000_front_put_the_roll_on_the_tray.png,00000_wrist_put_the_roll_on_the_tray.png,recap.png,50,9,9,10,-5.0989010989010985,-101.93406593406593,91.91208791208791,73.49450549450549,-1.2747252747252746,0.821917808219178,-4.603952407836914,-101.50997161865234,88.48358154296875,74.60516357421875,-1.2568655014038086,0.9403510689735413
066_roll,put the roll on the tray,1,1,0,0.0,1788427525.8056543,00000_front_put_the_roll_on_the_tray.png,00000_wrist_put_the_roll_on_the_tray.png,recap.png,50,10,10,11,-5.0989010989010985,-101.93406593406593,91.91208791208791,73.49450549450549,-1.2747252747252746,0.821917808219178,-4.51457405090332,-102.04633331298828,88.66175842285156,74.80298614501953,-1.156407356262207,1.0235625505447388
066_roll,put the roll on the tray,1,1,0,0.0,1788427525.8056543,00000_front_put_the_roll_on_the_tray.png,00000_wrist_put_the_roll_on_the_tray.png,recap.png,50,11,11,12,-5.0989010989010985,-101.93406593406593,91.91208791208791,73.49450549450549,-1.2747252747252746,0.821917808219178,-4.478000640869141,-102.3709487915039,88.76119995117188,74.55309295654297,-1.215409278869629,0.9933403730392456
066_roll,put the roll on the tray,1,1,0,0.0,1788427525.8056543,00000_front_put_the_roll_on_the_tray.png,00000_wrist_put_the_roll_on_the_tray.png,recap.png,50,12,12,13,-5.0989010989010985,-101.93406593406593,91.91208791208791,73.49450549450549,-1.2747252747252746,0.821917808219178,-4.580610275268555,-101.87503051757812,88.66209411621094,74.66722106933594,-1.258967399597168,0.8683664798736572
066_roll,put the roll on the tray,1,1,0,0.0,1788427525.8056543,00000_front_put_the_roll_on_the_tray.png,00000_wrist_put_the_roll_on_the_tray.png,recap.png,50,13,13,14,-5.0989010989010985,-101.93406593406593,91.91208791208791,73.49450549450549,-1.2747252747252746,0.821917808219178,-4.405071258544922,-101.73856353759766,88.16259765625,74.61056518554688,-1.2926788330078125,1.0201467275619507
066_roll,put the roll on the tray,1,1,0,0.0,1788427525.8056543,00000_front_put_the_roll_on_the_tray.png,00000_wrist_put_the_roll_on_the_tray.png,recap.png,50,14,14,15,-5.0989010989010985,-101.93406593406593,91.91208791208791,73.49450549450549,-1.2747252747252746,0.821917808219178,-4.578878402709961,-101.28983306884766,88.71980285644531,74.74870300292969,-1.3091115951538086,0.9223541617393494
066_roll,put the roll on the tray,1,1,0,0.0,1788427525.8056543,00000_front_put_the_roll_on_the_tray.png,00000_wrist_put_the_roll_on_the_tray.png,recap.png,50,15,15,16,-5.0989010989010985,-101.93406593406593,91.91208791208791,73.49450549450549,-1.2747252747252746,0.821917808219178,-4.829048156738281,-102.18521881103516,88.88839721679688,74.67767333984375,-1.3365907669067383,0.9889728426933289
066_roll,put the roll on the tray,1,1,0,0.0,1788427525.8056543,00000_front_put_the_roll_on_the_tray.png,00000_wrist_put_the_roll_on_the_tray.png,recap.png,50,16,16,17,-5.0989010989010985,-101.93406593406593,91.91208791208791,73.49450549450549,-1.2747252747252746,0.821917808219178,-4.715864181518555,-102.21554565429688,88.70318603515625,74.58934783935547,-1.2737340927124023,0.928520917892456
066_roll,put the roll on the tray,1,1,0,0.0,1788427525.8056543,00000_front_put_the_roll_on_the_tray.png,00000_wrist_put_the_roll_on_the_tray.png,recap.png,50,17,17,18,-5.0989010989010985,-101.93406593406593,91.91208791208791,73.49450549450549,-1.2747252747252746,0.821917808219178,-4.614837646484375,-101.9076919555664,88.86003112792969,74.65321350097656,-1.3320579528808594,0.9301258325576782
066_roll,put the roll on the tray,1,1,0,0.0,1788427525.8056543,00000_front_put_the_roll_on_the_tray.png,00000_wrist_put_the_roll_on_the_tray.png,recap.png,50,18,18,19,-5.0989010989010985,-101.93406593406593,91.91208791208791,73.49450549450549,-1.2747252747252746,0.821917808219178,-4.649837493896484,-102.11109161376953,88.25932312011719,74.92333221435547,-1.2648429870605469,1.0005310773849487
066_roll,put the roll on the tray,1,1,0,0.0,1788427525.8056543,00000_front_put_the_roll_on_the_tray.png,00000_wrist_put_the_roll_on_the_tray.png,recap.png,50,19,19,20,-5.0989010989010985,-101.93406593406593,91.91208791208791,73.49450549450549,-1.2747252747252746,0.821917808219178,-4.70088005065918,-101.77347564697266,88.94229125976562,74.60022735595703,-1.2294378280639648,0.8542346358299255
066_roll,put the roll on the tray,1,1,0,0.0,1788427525.8056543,00000_front_put_the_roll_on_the_tray.png,00000_wrist_put_the_roll_on_the_tray.png,recap.png,50,20,20,21,-5.0989010989010985,-101.93406593406593,91.91208791208791,73.49450549450549,-1.2747252747252746,0.821917808219178,-4.671455383300781,-101.44023132324219,88.51951599121094,74.7505111694336,-1.1663236618041992,0.7798634171485901
066_roll,put the roll on the tray,1,1,0,0.0,1788427525.8056543,00000_front_put_the_roll_on_the_tray.png,00000_wrist_put_the_roll_on_the_tray.png,recap.png,50,21,21,22,-5.0989010989010985,-101.93406593406593,91.91208791208791,73.49450549450549,-1.2747252747252746,0.821917808219178,-4.931591033935547,-102.08585357666016,88.17752075195312,74.67902374267578,-1.2845773696899414,0.7941460013389587
066_roll,put the roll on the tray,1,1,0,0.0,1788427525.8056543,00000_front_put_the_roll_on_the_tray.png,00000_wrist_put_the_roll_on_the_tray.png,recap.png,50,22,22,23,-5.0989010989010985,-101.93406593406593,91.91208791208791,73.49450549450549,-1.2747252747252746,0.821917808219178,-4.524990081787109,-101.71675872802734,88.23934936523438,74.84609985351562,-1.1659479141235352,0.7754661440849304
066_roll,put the roll on the tray,1,1,0,0.0,1788427525.8056543,00000_front_put_the_roll_on_the_tray.png,00000_wrist_put_the_roll_on_the_tray.png,recap.png,50,23,23,24,-5.0989010989010985,-101.93406593406593,91.91208791208791,73.49450549450549,-1.2747252747252746,0.821917808219178,-4.742176055908203,-102.05929565429688,87.97090148925781,74.9267349243164,-1.155813217163086,0.8194484114646912
066_roll,put the roll on the tray,1,1,0,0.0,1788427525.8056543,00000_front_put_the_roll_on_the_tray.png,00000_wrist_put_the_roll_on_the_tray.png,recap.png,50,24,24,25,-5.0989010989010985,-101.93406593406593,91.91208791208791,73.49450549450549,-1.2747252747252746,0.821917808219178,-4.816944122314453,-102.03197479248047,88.04786682128906,74.87202453613281,-1.1955757141113281,0.8486955761909485
066_roll,put the roll on the tray,1,1,0,0.0,1788427525.8056543,00000_front_put_the_roll_on_the_tray.png,00000_wrist_put_the_roll_on_the_tray.png,recap.png,50,25,25,26,-5.0989010989010985,-101.93406593406593,91.91208791208791,73.49450549450549,-1.2747252747252746,0.821917808219178,-4.840675354003906,-101.92633819580078,88.51739501953125,74.82666015625,-1.2325925827026367,0.8170139789581299
066_roll,put the roll on the tray,1,1,0,0.0,1788427525.8056543,00000_front_put_the_roll_on_the_tray.png,00000_wrist_put_the_roll_on_the_tray.png,recap.png,50,26,26,27,-5.0989010989010985,-101.93406593406593,91.91208791208791,73.49450549450549,-1.2747252747252746,0.821917808219178,-4.551504135131836,-101.35919952392578,88.00660705566406,74.95091247558594,-1.1604948043823242,0.8396610021591187
066_roll,put the roll on the tray,1,1,0,0.0,1788427525.8056543,00000_front_put_the_roll_on_the_tray.png,00000_wrist_put_the_roll_on_the_tray.png,recap.png,50,27,27,28,-5.0989010989010985,-101.93406593406593,91.91208791208791,73.49450549450549,-1.2747252747252746,0.821917808219178,-4.696126937866211,-101.77310943603516,88.39639282226562,74.87276458740234,-1.1884164810180664,0.7289920449256897
066_roll,put the roll on the tray,2,0,4,1.973,1788427527.7766244,00001_front_put_the_roll_on_the_tray.png,00001_wrist_put_the_roll_on_the_tray.png,recap.png,50,0,28,29,-5.0989010989010985,-101.93406593406593,90.85714285714286,73.93406593406593,-1.2747252747252746,0.821917808219178,-4.95235538482666,-101.92827606201172,87.53831481933594,74.13829803466797,-1.181328535079956,0.8015940189361572
066_roll,put the roll on the tray,2,0,4,1.973,1788427527.7766244,00001_front_put_the_roll_on_the_tray.png,00001_wrist_put_the_roll_on_the_tray.png,recap.png,50,1,29,30,-5.0989010989010985,-101.93406593406593,90.85714285714286,73.93406593406593,-1.2747252747252746,0.821917808219178,-4.811938285827637,-101.95047760009766,87.51019287109375,74.20962524414062,-1.155011534690857,0.7670146226882935
066_roll,put the roll on the tray,2,0,4,1.973,1788427527.7766244,00001_front_put_the_roll_on_the_tray.png,00001_wrist_put_the_roll_on_the_tray.png,recap.png,50,2,30,31,-5.0989010989010985,-101.93406593406593,90.85714285714286,73.93406593406593,-1.2747252747252746,0.821917808219178,-4.887763023376465,-102.25348663330078,87.91194915771484,74.25473022460938,-1.1951539516448975,0.6216806769371033
066_roll,put the roll on the tray,2,0,4,1.973,1788427527.7766244,00001_front_put_the_roll_on_the_tray.png,00001_wrist_put_the_roll_on_the_tray.png,recap.png,50,3,31,32,-5.0989010989010985,-101.93406593406593,90.85714285714286,73.93406593406593,-1.2747252747252746,0.821917808219178,-4.720612049102783,-101.9974594116211,87.28103637695312,74.15380096435547,-1.1281630992889404,0.8073832392692566
066_roll,put the roll on the tray,2,0,4,1.973,1788427527.7766244,00001_front_put_the_roll_on_the_tray.png,00001_wrist_put_the_roll_on_the_tray.png,recap.png,50,4,32,33,-5.0989010989010985,-101.93406593406593,90.85714285714286,73.93406593406593,-1.2747252747252746,0.821917808219178,-4.768631458282471,-102.37201690673828,87.36461639404297,74.24325561523438,-1.1772041320800781,0.7575874924659729
066_roll,put the roll on the tray,2,0,4,1.973,1788427527.7766244,00001_front_put_the_roll_on_the_tray.png,00001_wrist_put_the_roll_on_the_tray.png,recap.png,50,5,33,34,-5.0989010989010985,-101.93406593406593,90.85714285714286,73.93406593406593,-1.2747252747252746,0.821917808219178,-4.9267144203186035,-102.12242889404297,87.28216552734375,74.33473205566406,-1.131818175315857,0.7324751019477844
066_roll,put the roll on the tray,2,0,4,1.973,1788427527.7766244,00001_front_put_the_roll_on_the_tray.png,00001_wrist_put_the_roll_on_the_tray.png,recap.png,50,6,34,35,-5.0989010989010985,-101.93406593406593,90.85714285714286,73.93406593406593,-1.2747252747252746,0.821917808219178,-4.862656116485596,-102.39434051513672,87.32788848876953,74.327392578125,-1.1727190017700195,0.7735316753387451
066_roll,put the roll on the tray,2,0,4,1.973,1788427527.7766244,00001_front_put_the_roll_on_the_tray.png,00001_wrist_put_the_roll_on_the_tray.png,recap.png,50,7,35,36,-5.0989010989010985,-101.93406593406593,90.85714285714286,73.93406593406593,-1.2747252747252746,0.821917808219178,-4.840287208557129,-101.82688903808594,87.52372741699219,74.38291931152344,-1.180590271949768,0.7532026171684265
066_roll,put the roll on the tray,2,0,4,1.973,1788427527.7766244,00001_front_put_the_roll_on_the_tray.png,00001_wrist_put_the_roll_on_the_tray.png,recap.png,50,8,36,37,-5.0989010989010985,-101.93406593406593,90.85714285714286,73.93406593406593,-1.2747252747252746,0.821917808219178,-4.802213191986084,-102.02900695800781,87.329345703125,74.36001586914062,-1.2303497791290283,0.7865612506866455
066_roll,put the roll on the tray,2,0,4,1.973,1788427527.7766244,00001_front_put_the_roll_on_the_tray.png,00001_wrist_put_the_roll_on_the_tray.png,recap.png,50,9,37,38,-5.0989010989010985,-101.93406593406593,90.85714285714286,73.93406593406593,-1.2747252747252746,0.821917808219178,-4.915325164794922,-102.07195281982422,87.00907897949219,74.46559143066406,-1.1317410469055176,0.7634372711181641
066_roll,put the roll on the tray,2,0,4,1.973,1788427527.7766244,00001_front_put_the_roll_on_the_tray.png,00001_wrist_put_the_roll_on_the_tray.png,recap.png,50,10,38,39,-5.0989010989010985,-101.93406593406593,90.85714285714286,73.93406593406593,-1.2747252747252746,0.821917808219178,-4.999891757965088,-102.01910400390625,87.68383026123047,74.44693756103516,-1.222796082496643,0.8480338454246521
066_roll,put the roll on the tray,2,0,4,1.973,1788427527.7766244,00001_front_put_the_roll_on_the_tray.png,00001_wrist_put_the_roll_on_the_tray.png,recap.png,50,11,39,40,-5.0989010989010985,-101.93406593406593,90.85714285714286,73.93406593406593,-1.2747252747252746,0.821917808219178,-4.8132123947143555,-101.84144592285156,87.20240783691406,74.22277069091797,-1.1906402111053467,0.8706811666488647
066_roll,put the roll on the tray,2,0,4,1.973,1788427527.7766244,00001_front_put_the_roll_on_the_tray.png,00001_wrist_put_the_roll_on_the_tray.png,recap.png,50,12,40,41,-5.0989010989010985,-101.93406593406593,90.85714285714286,73.93406593406593,-1.2747252747252746,0.821917808219178,-5.001624584197998,-101.86572265625,87.2319564819336,74.41114807128906,-1.1940362453460693,0.7991116642951965
066_roll,put the roll on the tray,2,0,4,1.973,1788427527.7766244,00001_front_put_the_roll_on_the_tray.png,00001_wrist_put_the_roll_on_the_tray.png,recap.png,50,13,41,42,-5.0989010989010985,-101.93406593406593,90.85714285714286,73.93406593406593,-1.2747252747252746,0.821917808219178,-4.8428754806518555,-101.74589538574219,87.37815856933594,74.2758560180664,-1.1826221942901611,0.7704781889915466
066_roll,put the roll on the tray,2,0,4,1.973,1788427527.7766244,00001_front_put_the_roll_on_the_tray.png,00001_wrist_put_the_roll_on_the_tray.png,recap.png,50,14,42,43,-5.0989010989010985,-101.93406593406593,90.85714285714286,73.93406593406593,-1.2747252747252746,0.821917808219178,-4.839663505554199,-101.66787719726562,86.84782409667969,74.34744262695312,-1.1819608211517334,0.7726532816886902
066_roll,put the roll on the tray,2,0,4,1.973,1788427527.7766244,00001_front_put_the_roll_on_the_tray.png,00001_wrist_put_the_roll_on_the_tray.png,recap.png,50,15,43,44,-5.0989010989010985,-101.93406593406593,90.85714285714286,73.93406593406593,-1.2747252747252746,0.821917808219178,-5.048224449157715,-101.6587905883789,87.36532592773438,74.30891418457031,-1.2744239568710327,0.6823863983154297
066_roll,put the roll on the tray,2,0,4,1.973,1788427527.7766244,00001_front_put_the_roll_on_the_tray.png,00001_wrist_put_the_roll_on_the_tray.png,recap.png,50,16,44,45,-5.0989010989010985,-101.93406593406593,90.85714285714286,73.93406593406593,-1.2747252747252746,0.821917808219178,-4.6864118576049805,-101.54277801513672,87.0657958984375,74.37914276123047,-1.1609952449798584,0.8538124561309814
066_roll,put the roll on the tray,2,0,4,1.973,1788427527.7766244,00001_front_put_the_roll_on_the_tray.png,00001_wrist_put_the_roll_on_the_tray.png,recap.png,50,17,45,46,-5.0989010989010985,-101.93406593406593,90.85714285714286,73.93406593406593,-1.2747252747252746,0.821917808219178,-4.877714157104492,-101.51577758789062,86.72509765625,74.44682312011719,-1.2046806812286377,0.835363507270813
066_roll,put the roll on the tray,2,0,4,1.973,1788427527.7766244,00001_front_put_the_roll_on_the_tray.png,00001_wrist_put_the_roll_on_the_tray.png,recap.png,50,18,46,47,-5.0989010989010985,-101.93406593406593,90.85714285714286,73.93406593406593,-1.2747252747252746,0.821917808219178,-4.8108720779418945,-101.4919662475586,87.23507690429688,74.36052703857422,-1.215737223625183,0.808824896812439
066_roll,put the roll on the tray,2,0,4,1.973,1788427527.7766244,00001_front_put_the_roll_on_the_tray.png,00001_wrist_put_the_roll_on_the_tray.png,recap.png,50,19,47,48,-5.0989010989010985,-101.93406593406593,90.85714285714286,73.93406593406593,-1.2747252747252746,0.821917808219178,-4.816774845123291,-101.49848175048828,86.72003173828125,74.51423645019531,-1.1800386905670166,0.7983144521713257
066_roll,put the roll on the tray,2,0,4,1.973,1788427527.7766244,00001_front_put_the_roll_on_the_tray.png,00001_wrist_put_the_roll_on_the_tray.png,recap.png,50,20,48,49,-5.0989010989010985,-101.93406593406593,90.85714285714286,73.93406593406593,-1.2747252747252746,0.821917808219178,-4.63408088684082,-101.54817199707031,86.14962005615234,74.33411407470703,-1.1863034963607788,0.7381296753883362
066_roll,put the roll on the tray,2,0,4,1.973,1788427527.7766244,00001_front_put_the_roll_on_the_tray.png,00001_wrist_put_the_roll_on_the_tray.png,recap.png,50,21,49,50,-5.0989010989010985,-101.93406593406593,90.85714285714286,73.93406593406593,-1.2747252747252746,0.821917808219178,-4.679999351501465,-101.34870147705078,86.23725128173828,74.48623657226562,-1.2302833795547485,0.7539589405059814
066_roll,put the roll on the tray,2,0,4,1.973,1788427527.7766244,00001_front_put_the_roll_on_the_tray.png,00001_wrist_put_the_roll_on_the_tray.png,recap.png,50,22,50,51,-5.0989010989010985,-101.93406593406593,90.85714285714286,73.93406593406593,-1.2747252747252746,0.821917808219178,-4.692747116088867,-101.3041763305664,85.80976867675781,74.33368682861328,-1.167184829711914,0.8496143221855164
066_roll,put the roll on the tray,2,0,4,1.973,1788427527.7766244,00001_front_put_the_roll_on_the_tray.png,00001_wrist_put_the_roll_on_the_tray.png,recap.png,50,23,51,52,-5.0989010989010985,-101.93406593406593,90.85714285714286,73.93406593406593,-1.2747252747252746,0.821917808219178,-4.464473724365234,-101.59950256347656,85.80941772460938,74.20314025878906,-1.158156394958496,0.81444251537323
066_roll,put the roll on the tray,2,0,4,1.973,1788427527.7766244,00001_front_put_the_roll_on_the_tray.png,00001_wrist_put_the_roll_on_the_tray.png,recap.png,50,24,52,53,-5.0989010989010985,-101.93406593406593,90.85714285714286,73.93406593406593,-1.2747252747252746,0.821917808219178,-4.537092208862305,-101.59915161132812,86.3653564453125,74.5001220703125,-1.1540164947509766,0.6528183221817017
066_roll,put the roll on the tray,2,0,4,1.973,1788427527.7766244,00001_front_put_the_roll_on_the_tray.png,00001_wrist_put_the_roll_on_the_tray.png,recap.png,50,25,53,54,-5.0989010989010985,-101.93406593406593,90.85714285714286,73.93406593406593,-1.2747252747252746,0.821917808219178,-4.615917205810547,-101.81494903564453,86.10359191894531,74.68072509765625,-1.0650615692138672,0.7738272547721863
066_roll,put the roll on the tray,3,0,34,2.977,1788427528.781622,00002_front_put_the_roll_on_the_tray.png,00002_wrist_put_the_roll_on_the_tray.png,recap.png,50,0,54,55,-4.923076923076923,-102.02197802197803,89.89010989010988,74.37362637362638,-1.2747252747252746,0.821917808219178,-5.056371688842773,-102.39105224609375,87.87277221679688,72.97504425048828,-1.197946548461914,0.8633542060852051
066_roll,put the roll on the tray,3,0,34,2.977,1788427528.781622,00002_front_put_the_roll_on_the_tray.png,00002_wrist_put_the_roll_on_the_tray.png,recap.png,50,1,55,56,-4.923076923076923,-102.02197802197803,89.89010989010988,74.37362637362638,-1.2747252747252746,0.821917808219178,-5.157192230224609,-101.22618865966797,87.61477661132812,72.92404174804688,-1.2328996658325195,0.8580201268196106
066_roll,put the roll on the tray,3,0,34,2.977,1788427528.781622,00002_front_put_the_roll_on_the_tray.png,00002_wrist_put_the_roll_on_the_tray.png,recap.png,50,2,56,57,-4.923076923076923,-102.02197802197803,89.89010989010988,74.37362637362638,-1.2747252747252746,0.821917808219178,-4.951118469238281,-102.26258087158203,87.95005798339844,72.81497955322266,-1.177332878112793,0.8109385371208191
066_roll,put the roll on the tray,3,0,34,2.977,1788427528.781622,00002_front_put_the_roll_on_the_tray.png,00002_wrist_put_the_roll_on_the_tray.png,recap.png,50,3,57,58,-4.923076923076923,-102.02197802197803,89.89010989010988,74.37362637362638,-1.2747252747252746,0.821917808219178,-5.075075149536133,-101.9461441040039,87.23660278320312,72.67091369628906,-1.2226476669311523,0.69095778465271
066_roll,put the roll on the tray,3,0,34,2.977,1788427528.781622,00002_front_put_the_roll_on_the_tray.png,00002_wrist_put_the_roll_on_the_tray.png,recap.png,50,4,58,59,-4.923076923076923,-102.02197802197803,89.89010989010988,74.37362637362638,-1.2747252747252746,0.821917808219178,-5.127067565917969,-102.04913330078125,87.72959899902344,72.5882797241211,-1.2797603607177734,0.7669509053230286
066_roll,put the roll on the tray,3,0,34,2.977,1788427528.781622,00002_front_put_the_roll_on_the_tray.png,00002_wrist_put_the_roll_on_the_tray.png,recap.png,50,5,59,60,-4.923076923076923,-102.02197802197803,89.89010989010988,74.37362637362638,-1.2747252747252746,0.821917808219178,-5.265937805175781,-101.97346496582031,87.638916015625,72.86526489257812,-1.2700862884521484,0.9343616962432861
066_roll,put the roll on the tray,3,0,34,2.977,1788427528.781622,00002_front_put_the_roll_on_the_tray.png,00002_wrist_put_the_roll_on_the_tray.png,recap.png,50,6,60,61,-4.923076923076923,-102.02197802197803,89.89010989010988,74.37362637362638,-1.2747252747252746,0.821917808219178,-5.221492767333984,-101.49972534179688,87.55378723144531,72.87748718261719,-1.2400522232055664,0.8441028594970703
066_roll,put the roll on the tray,3,0,34,2.977,1788427528.781622,00002_front_put_the_roll_on_the_tray.png,00002_wrist_put_the_roll_on_the_tray.png,recap.png,50,7,61,62,-4.923076923076923,-102.02197802197803,89.89010989010988,74.37362637362638,-1.2747252747252746,0.821917808219178,-5.229249954223633,-101.85731506347656,87.45491027832031,72.90618896484375,-1.2999820709228516,0.8503971099853516
066_roll,put the roll on the tray,3,0,34,2.977,1788427528.781622,00002_front_put_the_roll_on_the_tray.png,00002_wrist_put_the_roll_on_the_tray.png,recap.png,50,8,62,63,-4.923076923076923,-102.02197802197803,89.89010989010988,74.37362637362638,-1.2747252747252746,0.821917808219178,-5.281803131103516,-102.05335235595703,87.50106811523438,72.9276351928711,-1.2894983291625977,0.8576250076293945
066_roll,put the roll on the tray,3,0,34,2.977,1788427528.781622,00002_front_put_the_roll_on_the_tray.png,00002_wrist_put_the_roll_on_the_tray.png,recap.png,50,9,63,64,-4.923076923076923,-102.02197802197803,89.89010989010988,74.37362637362638,-1.2747252747252746,0.821917808219178,-5.182161331176758,-101.58757781982422,87.53472900390625,72.94833374023438,-1.2839813232421875,0.7641808390617371
066_roll,put the roll on the tray,3,0,34,2.977,1788427528.781622,00002_front_put_the_roll_on_the_tray.png,00002_wrist_put_the_roll_on_the_tray.png,recap.png,50,10,64,65,-4.923076923076923,-102.02197802197803,89.89010989010988,74.37362637362638,-1.2747252747252746,0.821917808219178,-5.350732803344727,-101.80606079101562,87.15402221679688,73.07623291015625,-1.2445602416992188,0.8416025638580322
066_roll,put the roll on the tray,3,0,34,2.977,1788427528.781622,00002_front_put_the_roll_on_the_tray.png,00002_wrist_put_the_roll_on_the_tray.png,recap.png,50,11,65,66,-4.923076923076923,-102.02197802197803,89.89010989010988,74.37362637362638,-1.2747252747252746,0.821917808219178,-5.565937042236328,-101.98011016845703,87.46817016601562,73.18356323242188,-1.2150144577026367,0.8810707330703735
066_roll,put the roll on the tray,3,0,34,2.977,1788427528.781622,00002_front_put_the_roll_on_the_tray.png,00002_wrist_put_the_roll_on_the_tray.png,recap.png,50,12,66,67,-4.923076923076923,-102.02197802197803,89.89010989010988,74.37362637362638,-1.2747252747252746,0.821917808219178,-5.457834243774414,-101.97177124023438,87.28791809082031,73.13426971435547,-1.3027534484863281,0.8518235683441162
066_roll,put the roll on the tray,3,0,34,2.977,1788427528.781622,00002_front_put_the_roll_on_the_tray.png,00002_wrist_put_the_roll_on_the_tray.png,recap.png,50,13,67,68,-4.923076923076923,-102.02197802197803,89.89010989010988,74.37362637362638,-1.2747252747252746,0.821917808219178,-5.435272216796875,-101.7162094116211,86.99282836914062,73.13040161132812,-1.2579002380371094,0.907662570476532
066_roll,put the roll on the tray,3,0,34,2.977,1788427528.781622,00002_front_put_the_roll_on_the_tray.png,00002_wrist_put_the_roll_on_the_tray.png,recap.png,50,14,68,69,-4.923076923076923,-102.02197802197803,89.89010989010988,74.37362637362638,-1.2747252747252746,0.821917808219178,-5.574771881103516,-102.11283111572266,87.23367309570312,73.34471130371094,-1.3053131103515625,0.9675122499465942
066_roll,put the roll on the tray,3,0,34,2.977,1788427528.781622,00002_front_put_the_roll_on_the_tray.png,00002_wrist_put_the_roll_on_the_tray.png,recap.png,50,15,69,70,-4.923076923076923,-102.02197802197803,89.89010989010988,74.37362637362638,-1.2747252747252746,0.821917808219178,-5.352289199829102,-101.71138763427734,87.23745727539062,73.16159057617188,-1.2899589538574219,0.9975283741950989
066_roll,put the roll on the tray,3,0,34,2.977,1788427528.781622,00002_front_put_the_roll_on_the_tray.png,00002_wrist_put_the_roll_on_the_tray.png,recap.png,50,16,70,71,-4.923076923076923,-102.02197802197803,89.89010989010988,74.37362637362638,-1.2747252747252746,0.821917808219178,-5.454652786254883,-101.42269134521484,87.16891479492188,73.26173400878906,-1.3209419250488281,0.8551735877990723
066_roll,put the roll on the tray,3,0,34,2.977,1788427528.781622,00002_front_put_the_roll_on_the_tray.png,00002_wrist_put_the_roll_on_the_tray.png,recap.png,50,17,71,72,-4.923076923076923,-102.02197802197803,89.89010989010988,74.37362637362638,-1.2747252747252746,0.821917808219178,-5.604972839355469,-101.3963851928711,86.90199279785156,73.43426513671875,-1.327505111694336,0.8674424290657043
066_roll,put the roll on the tray,3,0,34,2.977,1788427528.781622,00002_front_put_the_roll_on_the_tray.png,00002_wrist_put_the_roll_on_the_tray.png,recap.png,50,18,72,73,-4.923076923076923,-102.02197802197803,89.89010989010988,74.37362637362638,-1.2747252747252746,0.821917808219178,-5.7017364501953125,-101.57181549072266,86.68124389648438,73.32421875,-1.3536043167114258,0.8429844379425049
066_roll,put the roll on the tray,3,0,34,2.977,1788427528.781622,00002_front_put_the_roll_on_the_tray.png,00002_wrist_put_the_roll_on_the_tray.png,recap.png,50,19,73,74,-4.923076923076923,-102.02197802197803,89.89010989010988,74.37362637362638,-1.2747252747252746,0.821917808219178,-5.75483512878418,-101.57674407958984,86.66770935058594,73.38032531738281,-1.2535324096679688,0.8060303330421448
066_roll,put the roll on the tray,3,0,34,2.977,1788427528.781622,00002_front_put_the_roll_on_the_tray.png,00002_wrist_put_the_roll_on_the_tray.png,recap.png,50,20,74,75,-4.923076923076923,-102.02197802197803,89.89010989010988,74.37362637362638,-1.2747252747252746,0.821917808219178,-5.637800216674805,-101.04486083984375,87.04598999023438,73.47624206542969,-1.2524166107177734,0.88470858335495
066_roll,put the roll on the tray,3,0,34,2.977,1788427528.781622,00002_front_put_the_roll_on_the_tray.png,00002_wrist_put_the_roll_on_the_tray.png,recap.png,50,21,75,76,-4.923076923076923,-102.02197802197803,89.89010989010988,74.37362637362638,-1.2747252747252746,0.821917808219178,-6.010908126831055,-101.89013671875,86.99386596679688,73.46942901611328,-1.3356475830078125,0.7534000873565674
066_roll,put the roll on the tray,3,0,34,2.977,1788427528.781622,00002_front_put_the_roll_on_the_tray.png,00002_wrist_put_the_roll_on_the_tray.png,recap.png,50,22,76,77,-4.923076923076923,-102.02197802197803,89.89010989010988,74.37362637362638,-1.2747252747252746,0.821917808219178,-5.677207946777344,-101.2635269165039,86.54301452636719,73.42630767822266,-1.3281402587890625,0.7413617372512817
066_roll,put the roll on the tray,3,0,34,2.977,1788427528.781622,00002_front_put_the_roll_on_the_tray.png,00002_wrist_put_the_roll_on_the_tray.png,recap.png,50,23,77,78,-4.923076923076923,-102.02197802197803,89.89010989010988,74.37362637362638,-1.2747252747252746,0.821917808219178,-5.842426300048828,-101.15743255615234,85.6998291015625,73.48664093017578,-1.2485427856445312,0.8273645639419556
066_roll,put the roll on the tray,3,0,34,2.977,1788427528.781622,00002_front_put_the_roll_on_the_tray.png,00002_wrist_put_the_roll_on_the_tray.png,recap.png,50,24,78,79,-4.923076923076923,-102.02197802197803,89.89010989010988,74.37362637362638,-1.2747252747252746,0.821917808219178,-5.695554733276367,-101.2997055053711,86.36463928222656,73.50262451171875,-1.2593660354614258,0.7885623574256897
066_roll,put the roll on the tray,3,0,34,2.977,1788427528.781622,00002_front_put_the_roll_on_the_tray.png,00002_wrist_put_the_roll_on_the_tray.png,recap.png,50,25,79,80,-4.923076923076923,-102.02197802197803,89.89010989010988,74.37362637362638,-1.2747252747252746,0.821917808219178,-6.046230316162109,-101.59904479980469,86.81275939941406,73.59920501708984,-1.2717504501342773,0.8815774321556091
066_roll,put the roll on the tray,3,0,34,2.977,1788427528.781622,00002_front_put_the_roll_on_the_tray.png,00002_wrist_put_the_roll_on_the_tray.png,recap.png,50,26,80,81,-4.923076923076923,-102.02197802197803,89.89010989010988,74.37362637362638,-1.2747252747252746,0.821917808219178,-6.0037841796875,-101.26387023925781,86.00479125976562,73.55876159667969,-1.3748998641967773,0.7646980881690979
066_roll,put the roll on the tray,4,1,53,3.612,1788427529.4159305,00003_front_put_the_roll_on_the_tray.png,00003_wrist_put_the_roll_on_the_tray.png,recap.png,50,0,81,82,-4.923076923076923,-101.58241758241758,88.48351648351648,74.46153846153847,-1.2747252747252746,0.821917808219178,-6.037311553955078,-101.39512634277344,86.91316223144531,75.56686401367188,-1.2490806579589844,0.7673020958900452
066_roll,put the roll on the tray,4,1,53,3.612,1788427529.4159305,00003_front_put_the_roll_on_the_tray.png,00003_wrist_put_the_roll_on_the_tray.png,recap.png,50,1,82,83,-4.923076923076923,-101.58241758241758,88.48351648351648,74.46153846153847,-1.2747252747252746,0.821917808219178,-6.044361591339111,-101.97119903564453,87.02542114257812,75.50931549072266,-1.2279020547866821,0.7197614908218384
066_roll,put the roll on the tray,4,1,53,3.612,1788427529.4159305,00003_front_put_the_roll_on_the_tray.png,00003_wrist_put_the_roll_on_the_tray.png,recap.png,50,2,83,84,-4.923076923076923,-101.58241758241758,88.48351648351648,74.46153846153847,-1.2747252747252746,0.821917808219178,-6.1025261878967285,-101.54173278808594,86.59243774414062,75.55767059326172,-1.2052419185638428,0.7123405337333679
066_roll,put the roll on the tray,4,1,53,3.612,1788427529.4159305,00003_front_put_the_roll_on_the_tray.png,00003_wrist_put_the_roll_on_the_tray.png,recap.png,50,3,84,85,-4.923076923076923,-101.58241758241758,88.48351648351648,74.46153846153847,-1.2747252747252746,0.821917808219178,-6.216667175292969,-101.45746612548828,87.23643493652344,76.45541381835938,-1.2413721084594727,0.8690462112426758
066_roll,put the roll on the tray,4,1,53,3.612,1788427529.4159305,00003_front_put_the_roll_on_the_tray.png,00003_wrist_put_the_roll_on_the_tray.png,recap.png,50,4,85,86,-4.923076923076923,-101.58241758241758,88.48351648351648,74.46153846153847,-1.2747252747252746,0.821917808219178,-6.25425910949707,-101.25051879882812,87.26693725585938,76.51634216308594,-1.1550111770629883,0.9398752450942993
066_roll,put the roll on the tray,4,1,53,3.612,1788427529.4159305,00003_front_put_the_roll_on_the_tray.png,00003_wrist_put_the_roll_on_the_tray.png,recap.png,50,5,86,87,-4.923076923076923,-101.58241758241758,88.48351648351648,74.46153846153847,-1.2747252747252746,0.821917808219178,-6.309415817260742,-101.57451629638672,87.52626037597656,76.42195892333984,-1.2230195999145508,0.829766035079956
066_roll,put the roll on the tray,4,1,53,3.612,1788427529.4159305,00003_front_put_the_roll_on_the_tray.png,00003_wrist_put_the_roll_on_the_tray.png,recap.png,50,6,87,88,-4.923076923076923,-101.58241758241758,88.48351648351648,74.46153846153847,-1.2747252747252746,0.821917808219178,-6.3397674560546875,-101.28728485107422,86.24783325195312,76.53046417236328,-1.1833581924438477,0.8261845111846924
066_roll,put the roll on the tray,4,1,53,3.612,1788427529.4159305,00003_front_put_the_roll_on_the_tray.png,00003_wrist_put_the_roll_on_the_tray.png,recap.png,50,7,88,89,-4.923076923076923,-101.58241758241758,88.48351648351648,74.46153846153847,-1.2747252747252746,0.821917808219178,-6.250537872314453,-101.92171478271484,86.5435791015625,76.54489135742188,-1.1990242004394531,0.7241794466972351
066_roll,put the roll on the tray,4,1,53,3.612,1788427529.4159305,00003_front_put_the_roll_on_the_tray.png,00003_wrist_put_the_roll_on_the_tray.png,recap.png,50,8,89,90,-4.923076923076923,-101.58241758241758,88.48351648351648,74.46153846153847,-1.2747252747252746,0.821917808219178,-6.090402603149414,-101.91677856445312,86.56175231933594,76.38926696777344,-1.1740217208862305,0.7932049632072449
066_roll,put the roll on the tray,4,1,53,3.612,1788427529.4159305,00003_front_put_the_roll_on_the_tray.png,00003_wrist_put_the_roll_on_the_tray.png,recap.png,50,9,90,91,-4.923076923076923,-101.58241758241758,88.48351648351648,74.46153846153847,-1.2747252747252746,0.821917808219178,-6.182085037231445,-101.73522186279297,86.67495727539062,76.4963150024414,-1.239283561706543,0.7557007074356079
066_roll,put the roll on the tray,4,1,53,3.612,1788427529.4159305,00003_front_put_the_roll_on_the_tray.png,00003_wrist_put_the_roll_on_the_tray.png,recap.png,50,10,91,92,-4.923076923076923,-101.58241758241758,88.48351648351648,74.46153846153847,-1.2747252747252746,0.821917808219178,-6.133945465087891,-102.11424255371094,86.62394714355469,76.3584213256836,-1.1971464157104492,0.8088089227676392
066_roll,put the roll on the tray,4,1,53,3.612,1788427529.4159305,00003_front_put_the_roll_on_the_tray.png,00003_wrist_put_the_roll_on_the_tray.png,recap.png,50,11,92,93,-4.923076923076923,-101.58241758241758,88.48351648351648,74.46153846153847,-1.2747252747252746,0.821917808219178,-6.2152099609375,-101.86575317382812,87.01759338378906,76.42366027832031,-1.1810016632080078,0.897803783416748
066_roll,put the roll on the tray,4,1,53,3.612,1788427529.4159305,00003_front_put_the_roll_on_the_tray.png,00003_wrist_put_the_roll_on_the_tray.png,recap.png,50,12,93,94,-4.923076923076923,-101.58241758241758,88.48351648351648,74.46153846153847,-1.2747252747252746,0.821917808219178,-6.184906005859375,-102.09465026855469,86.68687438964844,76.37950897216797,-1.1957120895385742,0.8612309694290161
066_roll,put the roll on the tray,4,1,53,3.612,1788427529.4159305,00003_front_put_the_roll_on_the_tray.png,00003_wrist_put_the_roll_on_the_tray.png,recap.png,50,13,94,95,-4.923076923076923,-101.58241758241758,88.48351648351648,74.46153846153847,-1.2747252747252746,0.821917808219178,-6.277599334716797,-101.99369812011719,86.9779052734375,76.44384765625,-1.1775407791137695,0.7198820114135742
066_roll,put the roll on the tray,4,1,53,3.612,1788427529.4159305,00003_front_put_the_roll_on_the_tray.png,00003_wrist_put_the_roll_on_the_tray.png,recap.png,50,14,95,96,-4.923076923076923,-101.58241758241758,88.48351648351648,74.46153846153847,-1.2747252747252746,0.821917808219178,-6.076139450073242,-101.08240509033203,86.46815490722656,76.34271240234375,-1.1461620330810547,0.7099425196647644
066_roll,put the roll on the tray,4,1,53,3.612,1788427529.4159305,00003_front_put_the_roll_on_the_tray.png,00003_wrist_put_the_roll_on_the_tray.png,recap.png,50,15,96,97,-4.923076923076923,-101.58241758241758,88.48351648351648,74.46153846153847,-1.2747252747252746,0.821917808219178,-6.146717071533203,-101.99026489257812,86.32487487792969,76.435791015625,-1.1500787734985352,0.8124743700027466
066_roll,put the roll on the tray,4,1,53,3.612,1788427529.4159305,00003_front_put_the_roll_on_the_tray.png,00003_wrist_put_the_roll_on_the_tray.png,recap.png,50,16,97,98,-4.923076923076923,-101.58241758241758,88.48351648351648,74.46153846153847,-1.2747252747252746,0.821917808219178,-6.260507583618164,-101.79031372070312,86.52973937988281,76.4672622680664,-1.1822214126586914,0.7941406965255737
066_roll,put the roll on the tray,4,1,53,3.612,1788427529.4159305,00003_front_put_the_roll_on_the_tray.png,00003_wrist_put_the_roll_on_the_tray.png,recap.png,50,17,98,99,-4.923076923076923,-101.58241758241758,88.48351648351648,74.46153846153847,-1.2747252747252746,0.821917808219178,-6.390256881713867,-101.9693603515625,86.50640869140625,76.63106536865234,-1.2905054092407227,0.7414828538894653
066_roll,put the roll on the tray,4,1,53,3.612,1788427529.4159305,00003_front_put_the_roll_on_the_tray.png,00003_wrist_put_the_roll_on_the_tray.png,recap.png,50,18,99,100,-4.923076923076923,-101.58241758241758,88.48351648351648,74.46153846153847,-1.2747252747252746,0.821917808219178,-6.48817253112793,-101.42088317871094,86.51470947265625,76.5750732421875,-1.2751312255859375,0.8351702690124512
066_roll,put the roll on the tray,4,1,53,3.612,1788427529.4159305,00003_front_put_the_roll_on_the_tray.png,00003_wrist_put_the_roll_on_the_tray.png,recap.png,50,19,100,101,-4.923076923076923,-101.58241758241758,88.48351648351648,74.46153846153847,-1.2747252747252746,0.821917808219178,-6.287883758544922,-101.53359985351562,86.25028991699219,76.4303970336914,-1.2187690734863281,0.8252338767051697
066_roll,put the roll on the tray,4,1,53,3.612,1788427529.4159305,00003_front_put_the_roll_on_the_tray.png,00003_wrist_put_the_roll_on_the_tray.png,recap.png,50,20,101,102,-4.923076923076923,-101.58241758241758,88.48351648351648,74.46153846153847,-1.2747252747252746,0.821917808219178,-6.286155700683594,-101.82023620605469,86.54647827148438,76.59329223632812,-1.1671991348266602,0.8711577653884888
066_roll,put the roll on the tray,4,1,53,3.612,1788427529.4159305,00003_front_put_the_roll_on_the_tray.png,00003_wrist_put_the_roll_on_the_tray.png,recap.png,50,21,102,103,-4.923076923076923,-101.58241758241758,88.48351648351648,74.46153846153847,-1.2747252747252746,0.821917808219178,-6.326589584350586,-101.83424377441406,86.79307556152344,76.68168640136719,-1.2868356704711914,0.7710996270179749
066_roll,put the roll on the tray,5,0,80,4.749,1788427530.549436,00004_front_put_the_roll_on_the_tray.png,00004_wrist_put_the_roll_on_the_tray.png,recap.png,50,0,103,104,-5.626373626373627,-101.58241758241758,88.3076923076923,73.75824175824175,-1.2747252747252746,0.821917808219178,-5.080350875854492,-102.05982208251953,86.84422302246094,76.11796569824219,-1.1076393127441406,0.8374315500259399
066_roll,put the roll on the tray,5,0,80,4.749,1788427530.549436,00004_front_put_the_roll_on_the_tray.png,00004_wrist_put_the_roll_on_the_tray.png,recap.png,50,1,104,105,-5.626373626373627,-101.58241758241758,88.3076923076923,73.75824175824175,-1.2747252747252746,0.821917808219178,-5.003139495849609,-102.06950378417969,87.0819091796875,76.14982604980469,-1.1404733657836914,0.7738091945648193
066_roll,put the roll on the tray,5,0,80,4.749,1788427530.549436,00004_front_put_the_roll_on_the_tray.png,00004_wrist_put_the_roll_on_the_tray.png,recap.png,50,2,105,106,-5.626373626373627,-101.58241758241758,88.3076923076923,73.75824175824175,-1.2747252747252746,0.821917808219178,-5.19366455078125,-102.6806869506836,87.20777893066406,76.19938659667969,-1.085489273071289,0.8665332198143005
066_roll,put the roll on the tray,5,0,80,4.749,1788427530.549436,00004_front_put_the_roll_on_the_tray.png,00004_wrist_put_the_roll_on_the_tray.png,recap.png,50,3,106,107,-5.626373626373627,-101.58241758241758,88.3076923076923,73.75824175824175,-1.2747252747252746,0.821917808219178,-5.091884613037109,-102.1515121459961,87.2847900390625,76.22276306152344,-1.1135244369506836,0.8840341567993164
066_roll,put the roll on the tray,5,0,80,4.749,1788427530.549436,00004_front_put_the_roll_on_the_tray.png,00004_wrist_put_the_roll_on_the_tray.png,recap.png,50,4,107,108,-5.626373626373627,-101.58241758241758,88.3076923076923,73.75824175824175,-1.2747252747252746,0.821917808219178,-5.15180778503418,-102.40900421142578,87.61027526855469,76.18124389648438,-1.1035127639770508,0.8760595917701721
066_roll,put the roll on the tray,5,0,80,4.749,1788427530.549436,00004_front_put_the_roll_on_the_tray.png,00004_wrist_put_the_roll_on_the_tray.png,recap.png,50,5,108,109,-5.626373626373627,-101.58241758241758,88.3076923076923,73.75824175824175,-1.2747252747252746,0.821917808219178,-5.346881866455078,-102.28448486328125,87.31674194335938,76.08229064941406,-1.1999883651733398,0.7279713153839111
066_roll,put the roll on the tray,5,0,80,4.749,1788427530.549436,00004_front_put_the_roll_on_the_tray.png,00004_wrist_put_the_roll_on_the_tray.png,recap.png,50,6,109,110,-5.626373626373627,-101.58241758241758,88.3076923076923,73.75824175824175,-1.2747252747252746,0.821917808219178,-5.272192001342773,-102.25933837890625,87.15606689453125,75.97538757324219,-1.2035446166992188,0.6959317922592163
066_roll,put the roll on the tray,5,0,80,4.749,1788427530.549436,00004_front_put_the_roll_on_the_tray.png,00004_wrist_put_the_roll_on_the_tray.png,recap.png,50,7,110,111,-5.626373626373627,-101.58241758241758,88.3076923076923,73.75824175824175,-1.2747252747252746,0.821917808219178,-5.468709945678711,-102.0259017944336,87.53169250488281,76.12393188476562,-1.152451515197754,0.7850519418716431
066_roll,put the roll on the tray,5,0,80,4.749,1788427530.549436,00004_front_put_the_roll_on_the_tray.png,00004_wrist_put_the_roll_on_the_tray.png,recap.png,50,8,111,112,-5.626373626373627,-101.58241758241758,88.3076923076923,73.75824175824175,-1.2747252747252746,0.821917808219178,-5.1304168701171875,-102.46100616455078,87.1788330078125,75.94153594970703,-1.1996479034423828,0.7895681858062744
066_roll,put the roll on the tray,5,0,80,4.749,1788427530.549436,00004_front_put_the_roll_on_the_tray.png,00004_wrist_put_the_roll_on_the_tray.png,recap.png,50,9,112,113,-5.626373626373627,-101.58241758241758,88.3076923076923,73.75824175824175,-1.2747252747252746,0.821917808219178,-5.414438247680664,-101.29024505615234,87.56678771972656,76.19558715820312,-1.234705924987793,0.5813605189323425
066_roll,put the roll on the tray,5,0,80,4.749,1788427530.549436,00004_front_put_the_roll_on_the_tray.png,00004_wrist_put_the_roll_on_the_tray.png,recap.png,50,10,113,114,-5.626373626373627,-101.58241758241758,88.3076923076923,73.75824175824175,-1.2747252747252746,0.821917808219178,-5.029317855834961,-101.63435363769531,86.80978393554688,75.90341186523438,-1.2129831314086914,0.7257865071296692
066_roll,put the roll on the tray,5,0,80,4.749,1788427530.549436,00004_front_put_the_roll_on_the_tray.png,00004_wrist_put_the_roll_on_the_tray.png,recap.png,50,11,114,115,-5.626373626373627,-101.58241758241758,88.3076923076923,73.75824175824175,-1.2747252747252746,0.821917808219178,-5.2315826416015625,-102.00362396240234,87.16999816894531,75.95542907714844,-1.166311264038086,0.5931832194328308
066_roll,put the roll on the tray,5,0,80,4.749,1788427530.549436,00004_front_put_the_roll_on_the_tray.png,00004_wrist_put_the_roll_on_the_tray.png,recap.png,50,12,115,116,-5.626373626373627,-101.58241758241758,88.3076923076923,73.75824175824175,-1.2747252747252746,0.821917808219178,-5.195535659790039,-102.46112060546875,87.01580810546875,75.96806335449219,-1.1695480346679688,0.7835883498191833
066_roll,put the roll on the tray,5,0,80,4.749,1788427530.549436,00004_front_put_the_roll_on_the_tray.png,00004_wrist_put_the_roll_on_the_tray.png,recap.png,50,13,116,117,-5.626373626373627,-101.58241758241758,88.3076923076923,73.75824175824175,-1.2747252747252746,0.821917808219178,-5.129156112670898,-102.11256408691406,86.93556213378906,75.88296508789062,-1.131948471069336,0.5963282585144043
066_roll,put the roll on the tray,5,0,80,4.749,1788427530.549436,00004_front_put_the_roll_on_the_tray.png,00004_wrist_put_the_roll_on_the_tray.png,recap.png,50,14,117,118,-5.626373626373627,-101.58241758241758,88.3076923076923,73.75824175824175,-1.2747252747252746,0.821917808219178,-4.908254623413086,-102.04651641845703,86.73072814941406,75.8475112915039,-1.1121339797973633,0.8265531063079834
066_roll,put the roll on the tray,5,0,80,4.749,1788427530.549436,00004_front_put_the_roll_on_the_tray.png,00004_wrist_put_the_roll_on_the_tray.png,recap.png,50,15,118,119,-5.626373626373627,-101.58241758241758,88.3076923076923,73.75824175824175,-1.2747252747252746,0.821917808219178,-5.213512420654297,-102.30716705322266,87.15470886230469,75.76539611816406,-1.1442155838012695,0.7421530485153198
066_roll,put the roll on the tray,5,0,80,4.749,1788427530.549436,00004_front_put_the_roll_on_the_tray.png,00004_wrist_put_the_roll_on_the_tray.png,recap.png,50,16,119,120,-5.626373626373627,-101.58241758241758,88.3076923076923,73.75824175824175,-1.2747252747252746,0.821917808219178,-5.371519088745117,-101.80626678466797,87.29801940917969,75.74195098876953,-1.1413726806640625,0.6344230771064758
066_roll,put the roll on the tray,5,0,80,4.749,1788427530.549436,00004_front_put_the_roll_on_the_tray.png,00004_wrist_put_the_roll_on_the_tray.png,recap.png,50,17,120,121,-5.626373626373627,-101.58241758241758,88.3076923076923,73.75824175824175,-1.2747252747252746,0.821917808219178,-5.269800186157227,-102.30362701416016,87.19602966308594,75.88825225830078,-1.1949796676635742,0.7409539222717285
066_roll,put the roll on the tray,5,0,80,4.749,1788427530.549436,00004_front_put_the_roll_on_the_tray.png,00004_wrist_put_the_roll_on_the_tray.png,recap.png,50,18,121,122,-5.626373626373627,-101.58241758241758,88.3076923076923,73.75824175824175,-1.2747252747252746,0.821917808219178,-5.381965637207031,-102.07691192626953,87.0888671875,75.85441589355469,-1.1221733093261719,0.5420527458190918
066_roll,put the roll on the tray,5,0,80,4.749,1788427530.549436,00004_front_put_the_roll_on_the_tray.png,00004_wrist_put_the_roll_on_the_tray.png,recap.png,50,19,122,123,-5.626373626373627,-101.58241758241758,88.3076923076923,73.75824175824175,-1.2747252747252746,0.821917808219178,-5.305576324462891,-102.37618255615234,86.78619384765625,75.91954040527344,-1.259739875793457,0.5740773677825928
066_roll,put the roll on the tray,5,0,80,4.749,1788427530.549436,00004_front_put_the_roll_on_the_tray.png,00004_wrist_put_the_roll_on_the_tray.png,recap.png,50,20,123,124,-5.626373626373627,-101.58241758241758,88.3076923076923,73.75824175824175,-1.2747252747252746,0.821917808219178,-5.273454666137695,-101.93785095214844,86.94932556152344,76.01577758789062,-1.2092933654785156,0.7005797028541565
066_roll,put the roll on the tray,5,0,80,4.749,1788427530.549436,00004_front_put_the_roll_on_the_tray.png,00004_wrist_put_the_roll_on_the_tray.png,recap.png,50,21,124,125,-5.626373626373627,-101.58241758241758,88.3076923076923,73.75824175824175,-1.2747252747252746,0.821917808219178,-5.251621246337891,-102.35828399658203,86.52302551269531,76.0612564086914,-1.2276134490966797,0.7130195498466492
066_roll,put the roll on the tray,5,0,80,4.749,1788427530.549436,00004_front_put_the_roll_on_the_tray.png,00004_wrist_put_the_roll_on_the_tray.png,recap.png,50,22,125,126,-5.626373626373627,-101.58241758241758,88.3076923076923,73.75824175824175,-1.2747252747252746,0.821917808219178,-5.213766098022461,-102.13448333740234,86.50570678710938,75.9275131225586,-1.324972152709961,0.7695425152778625
066_roll,put the roll on the tray,5,0,80,4.749,1788427530.549436,00004_front_put_the_roll_on_the_tray.png,00004_wrist_put_the_roll_on_the_tray.png,recap.png,50,23,126,127,-5.626373626373627,-101.58241758241758,88.3076923076923,73.75824175824175,-1.2747252747252746,0.821917808219178,-5.175830841064453,-102.07154846191406,86.55691528320312,76.04424285888672,-1.244415283203125,0.6571199893951416
066_roll,put the roll on the tray,5,0,80,4.749,1788427530.549436,00004_front_put_the_roll_on_the_tray.png,00004_wrist_put_the_roll_on_the_tray.png,recap.png,50,24,127,128,-5.626373626373627,-101.58241758241758,88.3076923076923,73.75824175824175,-1.2747252747252746,0.821917808219178,-5.096197128295898,-102.41195678710938,86.46446228027344,76.06156158447266,-1.312708854675293,0.7151491045951843
066_roll,put the roll on the tray,5,0,80,4.749,1788427530.549436,00004_front_put_the_roll_on_the_tray.png,00004_wrist_put_the_roll_on_the_tray.png,recap.png,50,25,128,129,-5.626373626373627,-101.58241758241758,88.3076923076923,73.75824175824175,-1.2747252747252746,0.821917808219178,-5.365108489990234,-102.55335998535156,86.71455383300781,76.04412841796875,-1.2946043014526367,0.6712772846221924
066_roll,put the roll on the tray,6,1,102,5.484,1788427531.2842743,00005_front_put_the_roll_on_the_tray.png,00005_wrist_put_the_roll_on_the_tray.png,recap.png,50,0,129,130,-6.153846153846154,-101.84615384615384,88.04395604395604,75.78021978021978,-1.2747252747252746,0.821917808219178,-6.561257362365723,-102.29238891601562,87.45652770996094,76.91978454589844,-1.2581794261932373,0.7474355101585388
066_roll,put the roll on the tray,6,1,102,5.484,1788427531.2842743,00005_front_put_the_roll_on_the_tray.png,00005_wrist_put_the_roll_on_the_tray.png,recap.png,50,1,130,131,-6.153846153846154,-101.84615384615384,88.04395604395604,75.78021978021978,-1.2747252747252746,0.821917808219178,-7.495491027832031,-101.81450653076172,87.81037902832031,77.19981384277344,-1.2361412048339844,0.7845655083656311
066_roll,put the roll on the tray,6,1,102,5.484,1788427531.2842743,00005_front_put_the_roll_on_the_tray.png,00005_wrist_put_the_roll_on_the_tray.png,recap.png,50,2,131,132,-6.153846153846154,-101.84615384615384,88.04395604395604,75.78021978021978,-1.2747252747252746,0.821917808219178,-7.167600631713867,-102.14311981201172,87.70350646972656,77.26068115234375,-1.2906274795532227,0.7625716924667358
066_roll,put the roll on the tray,6,1,102,5.484,1788427531.2842743,00005_front_put_the_roll_on_the_tray.png,00005_wrist_put_the_roll_on_the_tray.png,recap.png,50,3,132,133,-6.153846153846154,-101.84615384615384,88.04395604395604,75.78021978021978,-1.2747252747252746,0.821917808219178,-7.177278518676758,-102.27810668945312,87.87101745605469,77.3391342163086,-1.2736053466796875,0.7037959098815918
066_roll,put the roll on the tray,6,1,102,5.484,1788427531.2842743,00005_front_put_the_roll_on_the_tray.png,00005_wrist_put_the_roll_on_the_tray.png,recap.png,50,4,133,134,-6.153846153846154,-101.84615384615384,88.04395604395604,75.78021978021978,-1.2747252747252746,0.821917808219178,-7.284074783325195,-102.42283630371094,87.15411376953125,77.43253326416016,-1.2322959899902344,0.8479180932044983
066_roll,put the roll on the tray,6,1,102,5.484,1788427531.2842743,00005_front_put_the_roll_on_the_tray.png,00005_wrist_put_the_roll_on_the_tray.png,recap.png,50,5,134,135,-6.153846153846154,-101.84615384615384,88.04395604395604,75.78021978021978,-1.2747252747252746,0.821917808219178,-7.131160736083984,-102.13603973388672,87.32862854003906,77.27301788330078,-1.2220258712768555,0.8688040971755981
066_roll,put the roll on the tray,6,1,102,5.484,1788427531.2842743,00005_front_put_the_roll_on_the_tray.png,00005_wrist_put_the_roll_on_the_tray.png,recap.png,50,6,135,136,-6.153846153846154,-101.84615384615384,88.04395604395604,75.78021978021978,-1.2747252747252746,0.821917808219178,-7.356353759765625,-102.0741195678711,87.47036743164062,77.42716979980469,-1.266190528869629,0.7117714881896973
066_roll,put the roll on the tray,6,1,102,5.484,1788427531.2842743,00005_front_put_the_roll_on_the_tray.png,00005_wrist_put_the_roll_on_the_tray.png,recap.png,50,7,136,137,-6.153846153846154,-101.84615384615384,88.04395604395604,75.78021978021978,-1.2747252747252746,0.821917808219178,-7.302265167236328,-102.01793670654297,86.97407531738281,77.51915740966797,-1.1703882217407227,0.7403994798660278
066_roll,put the roll on the tray,6,1,102,5.484,1788427531.2842743,00005_front_put_the_roll_on_the_tray.png,00005_wrist_put_the_roll_on_the_tray.png,recap.png,50,8,137,138,-6.153846153846154,-101.84615384615384,88.04395604395604,75.78021978021978,-1.2747252747252746,0.821917808219178,-7.199501037597656,-102.35575103759766,87.65373229980469,77.41912078857422,-1.186253547668457,0.6745157837867737
066_roll,put the roll on the tray,6,1,102,5.484,1788427531.2842743,00005_front_put_the_roll_on_the_tray.png,00005_wrist_put_the_roll_on_the_tray.png,recap.png,50,9,138,139,-6.153846153846154,-101.84615384615384,88.04395604395604,75.78021978021978,-1.2747252747252746,0.821917808219178,-7.210229873657227,-102.51522827148438,87.57986450195312,77.49630737304688,-1.2591228485107422,0.7667310237884521
066_roll,put the roll on the tray,6,1,102,5.484,1788427531.2842743,00005_front_put_the_roll_on_the_tray.png,00005_wrist_put_the_roll_on_the_tray.png,recap.png,50,10,139,140,-6.153846153846154,-101.84615384615384,88.04395604395604,75.78021978021978,-1.2747252747252746,0.821917808219178,-7.342552185058594,-101.95883178710938,87.48048400878906,77.52029418945312,-1.2491893768310547,0.6135987043380737
066_roll,put the roll on the tray,6,1,102,5.484,1788427531.2842743,00005_front_put_the_roll_on_the_tray.png,00005_wrist_put_the_roll_on_the_tray.png,recap.png,50,11,140,141,-6.153846153846154,-101.84615384615384,88.04395604395604,75.78021978021978,-1.2747252747252746,0.821917808219178,-7.09068489074707,-102.31678771972656,87.46662902832031,77.41012573242188,-1.1887454986572266,0.6485909819602966
066_roll,put the roll on the tray,6,1,102,5.484,1788427531.2842743,00005_front_put_the_roll_on_the_tray.png,00005_wrist_put_the_roll_on_the_tray.png,recap.png,50,12,141,142,-6.153846153846154,-101.84615384615384,88.04395604395604,75.78021978021978,-1.2747252747252746,0.821917808219178,-7.071125030517578,-102.45836639404297,87.39134216308594,77.53675842285156,-1.3143844604492188,0.7759069204330444
066_roll,put the roll on the tray,6,1,102,5.484,1788427531.2842743,00005_front_put_the_roll_on_the_tray.png,00005_wrist_put_the_roll_on_the_tray.png,recap.png,50,13,142,143,-6.153846153846154,-101.84615384615384,88.04395604395604,75.78021978021978,-1.2747252747252746,0.821917808219178,-7.10356330871582,-102.20365905761719,87.26521301269531,77.44713592529297,-1.2581596374511719,0.6393450498580933
066_roll,put the roll on the tray,6,1,102,5.484,1788427531.2842743,00005_front_put_the_roll_on_the_tray.png,00005_wrist_put_the_roll_on_the_tray.png,recap.png,50,14,143,144,-6.153846153846154,-101.84615384615384,88.04395604395604,75.78021978021978,-1.2747252747252746,0.821917808219178,-7.198236465454102,-101.9992446899414,87.09165954589844,77.47490692138672,-1.2778987884521484,0.7389358282089233
066_roll,put the roll on the tray,6,1,102,5.484,1788427531.2842743,00005_front_put_the_roll_on_the_tray.png,00005_wrist_put_the_roll_on_the_tray.png,recap.png,50,15,144,145,-6.153846153846154,-101.84615384615384,88.04395604395604,75.78021978021978,-1.2747252747252746,0.821917808219178,-6.768974304199219,-102.02006530761719,86.65931701660156,77.5356216430664,-1.2653779983520508,0.6171420216560364
066_roll,put the roll on the tray,6,1,102,5.484,1788427531.2842743,00005_front_put_the_roll_on_the_tray.png,00005_wrist_put_the_roll_on_the_tray.png,recap.png,50,16,145,146,-6.153846153846154,-101.84615384615384,88.04395604395604,75.78021978021978,-1.2747252747252746,0.821917808219178,-6.751533508300781,-102.61538696289062,86.84622192382812,77.50719451904297,-1.2079153060913086,0.6665911078453064
066_roll,put the roll on the tray,6,1,102,5.484,1788427531.2842743,00005_front_put_the_roll_on_the_tray.png,00005_wrist_put_the_roll_on_the_tray.png,recap.png,50,17,146,147,-6.153846153846154,-101.84615384615384,88.04395604395604,75.78021978021978,-1.2747252747252746,0.821917808219178,-6.926525115966797,-101.82052612304688,86.90499877929688,77.43263244628906,-1.3523807525634766,0.8040335178375244
066_roll,put the roll on the tray,6,1,102,5.484,1788427531.2842743,00005_front_put_the_roll_on_the_tray.png,00005_wrist_put_the_roll_on_the_tray.png,recap.png,50,18,147,148,-6.153846153846154,-101.84615384615384,88.04395604395604,75.78021978021978,-1.2747252747252746,0.821917808219178,-6.826408386230469,-101.6849136352539,86.95046997070312,77.49676513671875,-1.3248615264892578,0.7061049938201904
066_roll,put the roll on the tray,6,1,102,5.484,1788427531.2842743,00005_front_put_the_roll_on_the_tray.png,00005_wrist_put_the_roll_on_the_tray.png,recap.png,50,19,148,149,-6.153846153846154,-101.84615384615384,88.04395604395604,75.78021978021978,-1.2747252747252746,0.821917808219178,-6.934169769287109,-102.28679656982422,86.67601013183594,77.51620483398438,-1.3800430297851562,0.8365106582641602
066_roll,put the roll on the tray,6,1,102,5.484,1788427531.2842743,00005_front_put_the_roll_on_the_tray.png,00005_wrist_put_the_roll_on_the_tray.png,recap.png,50,20,149,150,-6.153846153846154,-101.84615384615384,88.04395604395604,75.78021978021978,-1.2747252747252746,0.821917808219178,-6.977323532104492,-101.86102294921875,86.76864624023438,77.54277038574219,-1.451338768005371,0.6497296094894409
066_roll,put the roll on the tray,6,1,102,5.484,1788427531.2842743,00005_front_put_the_roll_on_the_tray.png,00005_wrist_put_the_roll_on_the_tray.png,recap.png,50,21,150,151,-6.153846153846154,-101.84615384615384,88.04395604395604,75.78021978021978,-1.2747252747252746,0.821917808219178,-6.896690368652344,-102.32575988769531,86.91999816894531,77.48043823242188,-1.4608116149902344,0.823836088180542
066_roll,put the roll on the tray,6,1,102,5.484,1788427531.2842743,00005_front_put_the_roll_on_the_tray.png,00005_wrist_put_the_roll_on_the_tray.png,recap.png,50,22,151,152,-6.153846153846154,-101.84615384615384,88.04395604395604,75.78021978021978,-1.2747252747252746,0.821917808219178,-6.782499313354492,-102.56279754638672,86.8262939453125,77.60618591308594,-1.6009607315063477,0.9295629262924194
066_roll,put the roll on the tray,7,0,135,6.655,1788427532.456494,00006_front_put_the_roll_on_the_tray.png,00006_wrist_put_the_roll_on_the_tray.png,recap.png,50,0,152,153,-7.1208791208791204,-102.1978021978022,88.21978021978022,76.3076923076923,-1.2747252747252746,0.821917808219178,-6.408164978027344,-102.1361312866211,88.45500183105469,76.80279541015625,-1.4348087310791016,0.9469544291496277
066_roll,put the roll on the tray,7,0,135,6.655,1788427532.456494,00006_front_put_the_roll_on_the_tray.png,00006_wrist_put_the_roll_on_the_tray.png,recap.png,50,1,153,154,-7.1208791208791204,-102.1978021978022,88.21978021978022,76.3076923076923,-1.2747252747252746,0.821917808219178,-6.342052459716797,-102.06307220458984,88.13372802734375,76.8067398071289,-1.4625940322875977,0.9466963410377502
066_roll,put the roll on the tray,7,0,135,6.655,1788427532.456494,00006_front_put_the_roll_on_the_tray.png,00006_wrist_put_the_roll_on_the_tray.png,recap.png,50,2,154,155,-7.1208791208791204,-102.1978021978022,88.21978021978022,76.3076923076923,-1.2747252747252746,0.821917808219178,-6.461877822875977,-102.4345474243164,88.54020690917969,76.66930389404297,-1.462320327758789,0.963391125202179
066_roll,put the roll on the tray,7,0,135,6.655,1788427532.456494,00006_front_put_the_roll_on_the_tray.png,00006_wrist_put_the_roll_on_the_tray.png,recap.png,50,3,155,156,-7.1208791208791204,-102.1978021978022,88.21978021978022,76.3076923076923,-1.2747252747252746,0.821917808219178,-6.1601715087890625,-102.14519500732422,88.42997741699219,76.72825622558594,-1.4261550903320312,0.8034706115722656
066_roll,put the roll on the tray,7,0,135,6.655,1788427532.456494,00006_front_put_the_roll_on_the_tray.png,00006_wrist_put_the_roll_on_the_tray.png,recap.png,50,4,156,157,-7.1208791208791204,-102.1978021978022,88.21978021978022,76.3076923076923,-1.2747252747252746,0.821917808219178,-6.406999588012695,-102.6048355102539,88.12615966796875,76.85226440429688,-1.4373893737792969,0.9506931900978088
066_roll,put the roll on the tray,7,0,135,6.655,1788427532.456494,00006_front_put_the_roll_on_the_tray.png,00006_wrist_put_the_roll_on_the_tray.png,recap.png,50,5,157,158,-7.1208791208791204,-102.1978021978022,88.21978021978022,76.3076923076923,-1.2747252747252746,0.821917808219178,-6.334220886230469,-102.5078353881836,87.87161254882812,76.71730041503906,-1.4245634078979492,0.9072005748748779
066_roll,put the roll on the tray,7,0,135,6.655,1788427532.456494,00006_front_put_the_roll_on_the_tray.png,00006_wrist_put_the_roll_on_the_tray.png,recap.png,50,6,158,159,-7.1208791208791204,-102.1978021978022,88.21978021978022,76.3076923076923,-1.2747252747252746,0.821917808219178,-6.345806121826172,-102.44315338134766,88.43495178222656,76.6224136352539,-1.4639263153076172,0.851878821849823
066_roll,put the roll on the tray,7,0,135,6.655,1788427532.456494,00006_front_put_the_roll_on_the_tray.png,00006_wrist_put_the_roll_on_the_tray.png,recap.png,50,7,159,160,-7.1208791208791204,-102.1978021978022,88.21978021978022,76.3076923076923,-1.2747252747252746,0.821917808219178,-6.389467239379883,-102.61708068847656,88.38960266113281,76.744384765625,-1.4475688934326172,0.8141939640045166
066_roll,put the roll on the tray,7,0,135,6.655,1788427532.456494,00006_front_put_the_roll_on_the_tray.png,00006_wrist_put_the_roll_on_the_tray.png,recap.png,50,8,160,161,-7.1208791208791204,-102.1978021978022,88.21978021978022,76.3076923076923,-1.2747252747252746,0.821917808219178,-6.550502777099609,-102.8950424194336,88.15579223632812,76.66063690185547,-1.43646240234375,0.8681561350822449
066_roll,put the roll on the tray,7,0,135,6.655,1788427532.456494,00006_front_put_the_roll_on_the_tray.png,00006_wrist_put_the_roll_on_the_tray.png,recap.png,50,9,161,162,-7.1208791208791204,-102.1978021978022,88.21978021978022,76.3076923076923,-1.2747252747252746,0.821917808219178,-6.449558258056641,-102.17529296875,88.00401306152344,76.7821044921875,-1.444401741027832,0.8898302316665649
066_roll,put the roll on the tray,7,0,135,6.655,1788427532.456494,00006_front_put_the_roll_on_the_tray.png,00006_wrist_put_the_roll_on_the_tray.png,recap.png,50,10,162,163,-7.1208791208791204,-102.1978021978022,88.21978021978022,76.3076923076923,-1.2747252747252746,0.821917808219178,-6.4727630615234375,-102.4039535522461,88.30087280273438,76.70337677001953,-1.4368152618408203,0.7879292964935303
066_roll,put the roll on the tray,7,0,135,6.655,1788427532.456494,00006_front_put_the_roll_on_the_tray.png,00006_wrist_put_the_roll_on_the_tray.png,recap.png,50,11,163,164,-7.1208791208791204,-102.1978021978022,88.21978021978022,76.3076923076923,-1.2747252747252746,0.821917808219178,-6.568004608154297,-103.23603820800781,88.34536743164062,76.72946166992188,-1.4394617080688477,0.8147909045219421
066_roll,put the roll on the tray,7,0,135,6.655,1788427532.456494,00006_front_put_the_roll_on_the_tray.png,00006_wrist_put_the_roll_on_the_tray.png,recap.png,50,12,164,165,-7.1208791208791204,-102.1978021978022,88.21978021978022,76.3076923076923,-1.2747252747252746,0.821917808219178,-6.317354202270508,-102.7560806274414,88.26119995117188,76.67041015625,-1.4127588272094727,0.877822756767273
066_roll,put the roll on the tray,7,0,135,6.655,1788427532.456494,00006_front_put_the_roll_on_the_tray.png,00006_wrist_put_the_roll_on_the_tray.png,recap.png,50,13,165,166,-7.1208791208791204,-102.1978021978022,88.21978021978022,76.3076923076923,-1.2747252747252746,0.821917808219178,-6.49067497253418,-102.46845245361328,88.19952392578125,76.86209106445312,-1.4407567977905273,0.8237819671630859
066_roll,put the roll on the tray,7,0,135,6.655,1788427532.456494,00006_front_put_the_roll_on_the_tray.png,00006_wrist_put_the_roll_on_the_tray.png,recap.png,50,14,166,167,-7.1208791208791204,-102.1978021978022,88.21978021978022,76.3076923076923,-1.2747252747252746,0.821917808219178,-6.672357559204102,-102.59242248535156,87.71450805664062,76.7422103881836,-1.4149446487426758,0.7973813414573669
066_roll,put the roll on the tray,7,0,135,6.655,1788427532.456494,00006_front_put_the_roll_on_the_tray.png,00006_wrist_put_the_roll_on_the_tray.png,recap.png,50,15,167,168,-7.1208791208791204,-102.1978021978022,88.21978021978022,76.3076923076923,-1.2747252747252746,0.821917808219178,-6.432643890380859,-102.32379913330078,87.93511962890625,76.8521957397461,-1.4057626724243164,0.9167162775993347
066_roll,put the roll on the tray,7,0,135,6.655,1788427532.456494,00006_front_put_the_roll_on_the_tray.png,00006_wrist_put_the_roll_on_the_tray.png,recap.png,50,16,168,169,-7.1208791208791204,-102.1978021978022,88.21978021978022,76.3076923076923,-1.2747252747252746,0.821917808219178,-6.59931755065918,-102.98466491699219,87.86178588867188,77.06929016113281,-1.4839134216308594,0.7509475946426392
066_roll,put the roll on the tray,7,0,135,6.655,1788427532.456494,00006_front_put_the_roll_on_the_tray.png,00006_wrist_put_the_roll_on_the_tray.png,recap.png,50,17,169,170,-7.1208791208791204,-102.1978021978022,88.21978021978022,76.3076923076923,-1.2747252747252746,0.821917808219178,-6.42365837097168,-102.5677261352539,87.70164489746094,76.99095153808594,-1.4464101791381836,0.955307126045227
066_roll,put the roll on the tray,7,0,135,6.655,1788427532.456494,00006_front_put_the_roll_on_the_tray.png,00006_wrist_put_the_roll_on_the_tray.png,recap.png,50,18,170,171,-7.1208791208791204,-102.1978021978022,88.21978021978022,76.3076923076923,-1.2747252747252746,0.821917808219178,-6.652244567871094,-102.28361511230469,87.28804016113281,77.13351440429688,-1.434096336364746,0.9184677600860596
066_roll,put the roll on the tray,7,0,135,6.655,1788427532.456494,00006_front_put_the_roll_on_the_tray.png,00006_wrist_put_the_roll_on_the_tray.png,recap.png,50,19,171,172,-7.1208791208791204,-102.1978021978022,88.21978021978022,76.3076923076923,-1.2747252747252746,0.821917808219178,-6.347879409790039,-102.78584289550781,87.67782592773438,77.0975341796875,-1.4410371780395508,0.836982250213623
066_roll,put the roll on the tray,7,0,135,6.655,1788427532.456494,00006_front_put_the_roll_on_the_tray.png,00006_wrist_put_the_roll_on_the_tray.png,recap.png,50,20,172,173,-7.1208791208791204,-102.1978021978022,88.21978021978022,76.3076923076923,-1.2747252747252746,0.821917808219178,-6.621240615844727,-102.66261291503906,87.74560546875,77.07144165039062,-1.4377727508544922,0.889723002910614
066_roll,put the roll on the tray,7,0,135,6.655,1788427532.456494,00006_front_put_the_roll_on_the_tray.png,00006_wrist_put_the_roll_on_the_tray.png,recap.png,50,21,173,174,-7.1208791208791204,-102.1978021978022,88.21978021978022,76.3076923076923,-1.2747252747252746,0.821917808219178,-6.288862228393555,-102.64153289794922,87.43696594238281,76.96640014648438,-1.4608688354492188,0.8532882928848267
066_roll,put the roll on the tray,7,0,135,6.655,1788427532.456494,00006_front_put_the_roll_on_the_tray.png,00006_wrist_put_the_roll_on_the_tray.png,recap.png,50,22,174,175,-7.1208791208791204,-102.1978021978022,88.21978021978022,76.3076923076923,-1.2747252747252746,0.821917808219178,-6.875507354736328,-102.3817138671875,87.86581420898438,77.18206787109375,-1.5215473175048828,0.7559099197387695
066_roll,put the roll on the tray,7,0,135,6.655,1788427532.456494,00006_front_put_the_roll_on_the_tray.png,00006_wrist_put_the_roll_on_the_tray.png,recap.png,50,23,175,176,-7.1208791208791204,-102.1978021978022,88.21978021978022,76.3076923076923,-1.2747252747252746,0.821917808219178,-6.766441345214844,-102.1775894165039,86.97671508789062,77.08889770507812,-1.5093717575073242,0.8563780784606934
066_roll,put the roll on the tray,7,0,135,6.655,1788427532.456494,00006_front_put_the_roll_on_the_tray.png,00006_wrist_put_the_roll_on_the_tray.png,recap.png,50,24,176,177,-7.1208791208791204,-102.1978021978022,88.21978021978022,76.3076923076923,-1.2747252747252746,0.821917808219178,-6.570793151855469,-102.33557891845703,87.53181457519531,76.99590301513672,-1.4996576309204102,0.9010040163993835
